id,target,probability
0,1,0.6448537464871922
2,1,0.569849595538709
3,1,0.7252221602662889
9,1,0.807768621669684
11,1,0.9562423700609116
12,1,0.8803634157725682
21,0,0.38929573578065846
22,0,0.2100908368085152
27,0,0.18532710935372723
29,0,0.15813266086244274
30,0,0.38252707761654436
35,0,0.42769242447591505
42,0,0.3692062007844756
43,0,0.42769242447591505
45,0,0.14962821555809924
46,1,0.7885635703129839
47,0,0.2932803548300586
51,1,0.6516355333027395
58,0,0.1286144453655829
60,0,0.2867168124248308
69,0,0.3377594901560832
70,0,0.23899303991459814
72,0,0.15477853159907723
75,1,0.7486170602064846
84,0,0.45799937708229005
87,0,0.48077565068389394
88,0,0.13903760565627446
90,0,0.34490717200388066
94,0,0.1854740604585864
99,1,0.8500476226612539
101,0,0.14392730552435473
103,1,0.510832412667019
106,1,0.6546030128280422
108,0,0.36892337313153034
111,1,0.8768786316080448
115,0,0.19117881224779876
116,1,0.47104526628903864
122,0,0.16717748139423547
123,0,0.15292902674213762
124,1,0.5785176176374587
125,0,0.34801633341321625
127,1,0.5342845654112658
140,1,0.4875204527978775
142,0,0.4367155867200078
147,0,0.06919944648630194
148,0,0.24542921039752358
150,0,0.1369587799875865
152,0,0.084709449174662
154,0,0.3884770797800037
155,0,0.084709449174662
166,0,0.17962654438612286
167,0,0.074920341870958
169,1,0.879909584937351
177,0,0.084709449174662
179,0,0.12915626731888238
181,0,0.24657396864144138
186,0,0.32105956448522965
188,0,0.14309767184532501
189,0,0.11617476119175262
192,0,0.12915626731888238
200,1,0.5014183879526788
202,0,0.1678522949203017
206,1,0.7195890552075438
207,1,0.815157771230409
214,1,0.8213138766080492
217,1,0.8812842080947147
223,0,0.3190824542850977
224,1,0.8999411740152201
227,1,0.7585273203537172
228,1,0.646284708302196
230,1,0.4863135133542024
233,1,0.49474331981019615
234,1,0.9359778287014517
236,1,0.9398017183479375
239,1,0.9359778287014517
250,1,0.9525246751171077
255,0,0.426543207099376
257,0,0.1613452878961709
259,1,0.4322019868964324
275,1,0.6725592452699699
278,0,0.3165475919605819
282,0,0.2609643358557473
284,0,0.29670835544689683
286,0,0.4036206923827543
288,1,0.9525246751171077
292,1,0.5549516675353985
295,0,0.21043351432546858
300,0,0.18877565968920773
304,1,0.8107542531266061
305,1,0.8107542531266061
306,0,0.2920229326245116
308,0,0.1260117773585268
311,0,0.1755718831203991
317,0,0.25733869156485195
319,1,0.4783550669022276
323,0,0.18918473121346685
324,0,0.1469076033054318
325,0,0.3377674338311401
326,0,0.2934235398694427
333,0,0.31324886108136246
339,0,0.22569103305124785
342,0,0.4909749777859991
343,0,0.38659784812808196
350,0,0.45666524858061497
351,0,0.20698854299266875
357,0,0.2730700297263647
359,1,0.40803092473681
362,0,0.15836464500656106
366,1,0.4551429678063461
367,1,0.40803092473681
369,1,0.40803092473681
373,0,0.20431247054317256
374,0,0.34260619166107814
376,0,0.43581935857748133
377,1,0.40803092473681
378,1,0.40803092473681
379,0,0.4120008999082687
382,1,0.40803092473681
385,1,0.40803092473681
387,0,0.31124586061620757
388,1,0.40803092473681
391,1,0.40803092473681
392,1,0.40803092473681
395,1,0.40803092473681
399,0,0.13487498311211643
400,0,0.16726559943611682
403,0,0.10168567025462989
405,0,0.27000460002091886
408,0,0.20803107863796863
411,0,0.32626646491071387
414,0,0.1511369800421921
416,0,0.17336483444684922
417,1,0.5472663945372935
422,0,0.21946775714830943
425,0,0.303152649747305
428,0,0.15416141448722304
430,0,0.216616870226996
431,0,0.13718445421403241
433,0,0.459910270175235
434,0,0.10168567025462989
439,0,0.3819439003106333
441,0,0.10168567025462989
449,0,0.28384786406202356
458,0,0.21384375969620406
460,0,0.17959909234787205
464,0,0.30199593556926174
473,1,0.6770824187924768
488,0,0.13240035837732952
491,0,0.12191963879460468
494,1,0.6869931477547004
497,0,0.3399079003576432
500,0,0.4223931655576324
505,0,0.11869500347699272
507,0,0.10072719083084274
508,0,0.09109613844028602
510,0,0.11390197438869033
511,0,0.09109613844028602
515,0,0.22932517440445177
525,0,0.5554591930758356
529,0,0.11869500347699272
532,0,0.11869500347699272
534,0,0.11869500347699272
537,0,0.2593958378164351
539,0,0.3172572804631381
541,0,0.11869500347699272
545,0,0.11390197438869033
547,1,0.6939261007689513
548,1,0.9407936138825416
549,1,0.9515963613715479
553,1,0.9306327716366251
554,0,0.2823927915160841
555,1,0.7971233960064175
557,1,0.7917870446682693
562,1,0.4762693496947462
566,1,0.6671081577769671
572,0,0.3148865955434677
573,1,0.5827955370186366
582,0,0.4850165292262979
586,1,0.8139380651547714
587,0,0.4671736074054066
590,1,0.9407936138825416
591,0,0.2151981523170633
593,0,0.26128261620458815
595,1,0.7917870446682693
596,1,0.7636751696409475
597,0,0.19808351405582972
601,0,0.3362168680674561
602,0,0.26862908597944707
605,1,0.7781368058001978
610,1,0.7585553305936437
616,0,0.35087960716520683
618,0,0.41119564957747273
620,1,0.8179322760842398
626,0,0.36231470456761206
627,0,0.14701290829527186
629,0,0.2560244068599524
632,1,0.7971015892431331
634,0,0.5175834607793559
639,0,0.43239347260497907
645,1,0.9407936138825416
647,1,0.8191398595197494
648,0,0.16812176538544482
650,1,0.5980299697902456
663,1,0.37081092040605806
666,1,0.6056429826127998
668,0,0.3406022241570522
670,0,0.24172473712754874
673,1,0.9068312930788676
676,1,0.3213741015804886
678,0,0.1256004803450865
692,0,0.35830482468658525
693,1,0.5159708308506397
694,0,0.1980391802145205
695,0,0.18493014117300074
696,1,0.9160515660512654
698,0,0.1437091881817546
701,0,0.10267583823368936
703,1,0.9327402391710244
707,1,0.9327402391710244
708,1,0.8696736107578631
711,1,0.9327402391710244
715,1,0.9327402391710244
718,0,0.33143323980884876
722,0,0.3640629392339645
723,0,0.48356433140398913
733,1,0.9327402391710244
741,0,0.3205480719785444
742,1,0.9327402391710244
743,0,0.6313761233971458
747,0,0.07139744952139036
749,0,0.27548859646457
750,0,0.09067068064747909
756,0,0.13834565331220466
757,0,0.21051985218419847
760,0,0.16634707046056016
764,0,0.17841022028575101
765,0,0.36982033888681365
766,0,0.20756131145065027
768,0,0.1650185860238017
769,0,0.09535708295123008
771,0,0.09144331209500753
772,0,0.12866015146740478
776,0,0.11257916756677248
778,0,0.1662963594249869
780,1,0.5169062909654824
785,0,0.1718661531814235
789,0,0.14526897437160946
792,0,0.13675220862970494
793,0,0.2188694076406109
811,1,0.5651088587251943
813,0,0.21554444463356726
816,0,0.2535977310092011
821,0,0.3218008174527546
824,0,0.14541257478853772
825,0,0.16169256061529996
827,0,0.3124416207487622
830,1,0.8069078500776152
831,1,0.7789310729715342
839,1,0.7789310729715342
844,0,0.2551476873216861
847,1,0.7789310729715342
850,1,0.7561476298499943
854,1,0.7789310729715342
855,0,0.3845068092022976
858,0,0.3372439935157799
861,1,0.7789310729715342
862,1,0.5870082376013294
865,1,0.4286426818339834
869,1,0.8184064620109655
879,1,0.777069529689976
880,1,0.8047308519414115
887,1,0.4693219352884713
889,1,0.8369617111763954
897,1,0.569126722517573
900,1,0.6417200522704839
901,1,0.41125555863587904
904,1,0.6271003169162278
908,0,0.2359324804840745
909,0,0.2572197636113036
910,1,0.8369617111763954
913,1,0.6818462520716008
914,1,0.6448572518556549
917,1,0.7283389372594002
918,1,0.8369617111763954
920,1,0.6233370044335913
922,1,0.4935009508432907
924,1,0.4935009508432907
925,0,0.12299108299666325
927,1,0.576423851707175
933,0,0.24627587084155583
937,0,0.12387753949822883
943,0,0.3336835951801709
949,0,0.42769242447591505
950,0,0.545525876327081
954,0,0.20667034174889384
966,0,0.42769242447591505
967,0,0.2880649077757254
969,0,0.28376824078723234
970,1,0.7391596510793808
973,0,0.17136397366761064
975,0,0.29265152771876196
980,0,0.42769242447591505
988,0,0.09686148814936409
989,0,0.0455876480925622
995,0,0.16194215691403643
1000,0,0.1199094505318972
1003,0,0.10710195368919062
1007,0,0.10272684999771692
1011,0,0.4072807759537701
1012,0,0.3345875091530278
1013,0,0.40669129083457434
1014,0,0.10765832262532987
1016,1,0.9337362976458516
1019,0,0.17655871181028893
1025,0,0.078308043061423
1027,0,0.4072807759537701
1028,1,0.7483500566747923
1030,0,0.16076713536831952
1033,1,0.782863733284562
1034,0,0.2798522793590216
1039,0,0.07470508156985561
1046,0,0.23144368781011881
1047,0,0.4213537697429561
1053,0,0.16711626171353833
1055,0,0.27448528859424404
1056,0,0.18247990264872796
1059,0,0.3833160654455144
1060,0,0.2207228338248794
1063,0,0.21518197175963516
1064,0,0.16711626171353833
1068,0,0.12229769865046808
1076,0,0.09846584812190932
1086,0,0.2133566195487919
1087,0,0.15761597612149042
1089,0,0.10735097225670584
1092,0,0.20653714403084295
1095,0,0.18822833349496457
1096,0,0.13005628690263893
1097,0,0.12800086113284556
1100,0,0.0849269175577284
1101,0,0.0800560305320723
1107,0,0.15468960591484585
1108,0,0.10830445119921663
1111,0,0.12817027720988355
1115,0,0.11046196290962235
1116,0,0.26057142030890446
1121,0,0.0826688611265318
1125,0,0.14068345713871283
1127,0,0.20093863434345371
1131,0,0.10786927192483534
1133,1,0.6230548223385004
1135,0,0.11517297464447135
1137,0,0.5628831287227287
1140,0,0.15813266086244274
1144,0,0.189558748761054
1147,1,0.49035408475163267
1148,0,0.14174699564179988
1150,0,0.14672456491897296
1158,0,0.10959070051752014
1159,0,0.11702150817065109
1161,0,0.15933820620537625
1163,0,0.15390057599455204
1165,0,0.13065218862949968
1169,0,0.2430247443961665
1171,0,0.435095282689392
1172,0,0.2534010378768272
1176,0,0.16772727567679324
1180,0,0.42769242447591505
1184,0,0.42769242447591505
1186,0,0.19941565599675373
1187,0,0.11068995803788002
1192,0,0.06065503875201891
1193,1,0.6006806727025914
1194,0,0.11371679520294802
1197,0,0.2751028203806721
1200,0,0.08395566778312324
1205,0,0.20088202255714277
1210,0,0.09035796256691322
1216,0,0.10379383951288658
1220,0,0.10748947424919732
1231,0,0.1889069482346916
1233,0,0.21924182127903946
1246,0,0.14788330263107663
1247,0,0.2372688423607282
1248,0,0.1946366763488361
1255,0,0.3537500825886224
1256,0,0.3267719211062568
1257,0,0.29191008696078435
1258,0,0.22178385821300686
1260,0,0.2764584802017916
1261,0,0.06600799786113874
1265,0,0.3907336518126602
1266,0,0.14420606333016503
1268,1,0.4795539999772584
1274,0,0.13282139661196138
1281,0,0.07160940659734959
1285,1,0.490684217031244
1286,0,0.2092009710848768
1291,0,0.16897640838382502
1292,0,0.09168776409569927
1295,0,0.05164303041285494
1299,0,0.15852785080844597
1306,0,0.1544216337051667
1310,0,0.12293470627158665
1311,0,0.06215546777993184
1313,0,0.12539590927076172
1314,0,0.11053031322992238
1322,0,0.11879785081708899
1323,1,0.4672636618406938
1325,0,0.0828103094126921
1329,1,0.5218948641201351
1330,0,0.22503016293836367
1333,0,0.07845252057291538
1336,0,0.10864009504740638
1339,0,0.14337004716549012
1342,0,0.1331910334997327
1344,0,0.13037862560511476
1355,1,0.9507045415225344
1357,0,0.08577847146073
1358,0,0.1034524057492731
1359,0,0.18430798662075215
1364,0,0.11577169627017746
1366,0,0.2820522103020855
1367,0,0.181113706246369
1370,1,0.6300518974138707
1373,0,0.16574280633580346
1377,0,0.1326213964253064
1386,0,0.0680781407103981
1387,0,0.09043529259770494
1392,0,0.09834290813232073
1397,0,0.06023336999651761
1398,0,0.17926325526206213
1400,0,0.07643175682087158
1403,0,0.09084266092242331
1404,0,0.05203658181789172
1410,0,0.06354330654678599
1413,0,0.17926325526206213
1416,0,0.07335567691277982
1417,0,0.05976188084610405
1423,0,0.08781913993334904
1424,0,0.07335567691277982
1426,0,0.055392650761659445
1427,0,0.10418474467216013
1428,0,0.09805798846495166
1430,0,0.12217425996516663
1434,0,0.2653364848510078
1435,0,0.24033086278723503
1437,0,0.13159053597090534
1438,0,0.14069584102330085
1442,0,0.16657987550419248
1446,0,0.2898374726766973
1451,0,0.15370510188171024
1457,0,0.27999022128181944
1461,0,0.18023379639280673
1462,0,0.1433938304090027
1465,0,0.1660651610546138
1468,0,0.057075073582471735
1469,0,0.1294804160008582
1471,0,0.20680680137638766
1476,0,0.12630464342636327
1478,0,0.18145345800086593
1481,0,0.06776879643336778
1489,0,0.07870432162637098
1490,0,0.07110629506525537
1492,0,0.47156945466410577
1496,0,0.06246880288081518
1512,0,0.13590955544832553
1516,0,0.1371165788066725
1517,0,0.06670592214396262
1528,0,0.0878790420345192
1529,1,0.8983375540012957
1536,1,0.9697334332899168
1539,1,0.48948003948115626
1541,0,0.25396261444608564
1542,1,0.6051404126421045
1548,1,0.8161987376294254
1550,0,0.427534362355112
1551,0,0.2511169692303543
1552,1,0.7613067678880832
1557,1,0.9396883101935144
1563,0,0.43660330509070944
1564,0,0.18012098371420757
1565,0,0.48389375376566035
1566,1,0.9554126798635768
1571,1,0.6051404126421045
1578,0,0.17424717667010425
1581,0,0.20556493382474106
1583,0,0.37188023279443105
1584,0,0.18998004433232873
1586,1,0.8891900772975161
1589,1,0.8428724872864832
1592,1,0.7707511376998146
1598,1,0.8128295804994647
1606,0,0.5157886512629194
1612,0,0.11788626155089417
1616,1,0.648236732190973
1620,0,0.38968211601902103
1624,0,0.4002409178027625
1629,1,0.9624624992848467
1630,1,0.6818270674580695
1635,1,0.9693875709516575
1640,1,0.9717177522106502
1641,1,0.9656309993608663
1642,1,0.9456760383095701
1651,1,0.9593127128204214
1655,1,0.9744497518202933
1656,1,0.9542056489957005
1659,1,0.9827305205130774
1664,1,0.9741585186736712
1667,1,0.9717177522106502
1668,1,0.9740362676596772
1674,1,0.8472296003779742
1678,0,0.3343387257986854
1680,1,0.9026719151069036
1681,1,0.6426817609580691
1682,1,0.6996675893610154
1685,1,0.6782162564762342
1695,1,0.9298496284611977
1696,1,0.6896202107679024
1697,1,0.49090404426351747
1704,1,0.7094635225822249
1708,1,0.7591150197644612
1711,1,0.9313366407211583
1713,1,0.8243127646725112
1714,1,0.7116628304775208
1717,1,0.836826385804528
1729,1,0.579379777265728
1730,0,0.26307541646255667
1732,1,0.7531556837502682
1734,1,0.6748435951281646
1736,0,0.22679216715350148
1738,1,0.5962225505887457
1742,1,0.5601543442006055
1743,1,0.715025852932815
1746,1,0.3374463899575763
1748,1,0.6836622717246544
1749,1,0.6764282817115845
1751,1,0.4533312361923228
1758,0,0.261850550908745
1764,1,0.8659336477608965
1765,1,0.6351865958720366
1777,1,0.7545620631741758
1778,1,0.460739455658552
1781,1,0.5526931160899278
1782,1,0.6181473013172386
1783,1,0.49121449911608855
1785,1,0.45500645506331505
1788,1,0.7665055956108531
1793,1,0.9417728037302054
1794,1,0.5714020470134853
1795,1,0.8392869809407943
1797,1,0.7899472884916694
1800,1,0.893519540613955
1801,1,0.7574515530547212
1805,1,0.816383501230807
1806,1,0.7665055956108531
1819,1,0.5230609074419145
1820,1,0.6974648833081711
1825,0,0.3523493363427709
1828,0,0.18055840463234685
1829,0,0.2193650639723279
1830,0,0.20219051093213464
1839,1,0.5742210255321646
1843,0,0.16288814246605612
1844,0,0.15055666265361234
1846,0,0.22720623852997407
1849,0,0.2143088219533565
1850,0,0.1438571794683011
1854,0,0.146668065607939
1855,0,0.2378564853873213
1858,0,0.16248251104063488
1859,0,0.11607791072176889
1862,0,0.14377355240525883
1867,0,0.22665870149322842
1868,0,0.20161894396305938
1871,0,0.37619300824599144
1872,0,0.17472681141461235
1874,1,0.6553584925831241
1876,1,0.46658851295112164
1879,0,0.19621987261592894
1884,0,0.3809904334268308
1891,0,0.2650680704088924
1894,0,0.20859216620539928
1896,1,0.7838155841275894
1902,0,0.15734603616400875
1903,0,0.29845487827246764
1904,1,0.5163372139691913
1906,1,0.5714539547995964
1907,1,0.5022480532219981
1912,1,0.6099344711712185
1913,0,0.23960364737248865
1923,1,0.8561223192254097
1926,1,0.4601407013971951
1928,1,0.7228246897037596
1930,1,0.8325108407667596
1931,1,0.6360040934954614
1934,1,0.5668377716940094
1936,1,0.48222203039982936
1944,1,0.9107245391907535
1946,1,0.48619194632775165
1947,1,0.6351865958720366
1958,1,0.5245580648786143
1964,1,0.45085157776756923
1970,1,0.6152763060038413
1974,1,0.6265815167413511
1977,1,0.6250681292557044
1978,1,0.5391241371721504
1982,1,0.8303835145025171
1984,1,0.6840156729930444
1988,1,0.6883120438239179
1993,0,0.249259889571201
1997,0,0.38932318362439067
1998,1,0.8303835145025171
2002,0,0.19013036593931526
2004,1,0.71289116688393
2005,1,0.7361083592834916
2008,0,0.16649247270389644
2011,1,0.8680071506538949
2013,0,0.2201384248587053
2018,1,0.6832885751801678
2021,1,0.8248895768594309
2025,0,0.33391986154705483
2029,1,0.8715698192649277
2030,1,0.8680071506538949
2032,0,0.2579253397475862
2037,0,0.32270997112613187
2041,1,0.7308019633454144
2044,1,0.8610022321698008
2048,1,0.6832885751801678
2052,1,0.6032685752974903
2053,1,0.6664012821881055
2054,1,0.9186074861171094
2062,0,0.42769242447591505
2065,0,0.46585414749912923
2066,0,0.23103012824767316
2072,1,0.7391647017250567
2079,1,0.7969632535616462
2080,0,0.2988716138409462
2085,0,0.233336191257092
2088,1,0.5764443954854196
2090,1,0.6299255815499186
2092,1,0.504867999343638
2093,0,0.35313868519882824
2101,0,0.21082146464494078
2104,0,0.4168335706548593
2105,0,0.10436764268808532
2106,1,0.517068038510231
2107,0,0.19396545428968268
2120,1,0.5661180110989458
2124,0,0.49498635008080916
2127,0,0.09908690883790071
2130,0,0.156217688072307
2132,0,0.16912946313252766
2135,0,0.2196381193849992
2137,0,0.6855466539293429
2140,0,0.18631346156017087
2143,0,0.40227615053800064
2147,0,0.1991405809775564
2151,0,0.29162706002068284
2152,1,0.46574878685084975
2155,0,0.1975557103257841
2156,0,0.17062737153323415
2162,0,0.31404102461483985
2165,1,0.4429523050300731
2166,1,0.6149273331541435
2167,1,0.6520977394232723
2168,0,0.25071965190959056
2170,0,0.33268077131408197
2178,1,0.9412056730483509
2180,1,0.6868379917403412
2182,0,0.3603630711392033
2184,0,0.29417450599823464
2185,0,0.4721732123356721
2187,0,0.18980155697677703
2196,1,0.5781095199611339
2197,1,0.8801975258402317
2199,1,0.5044728787719285
2200,0,0.1365865800264951
2201,0,0.37149577232574993
2202,1,0.5960485354277807
2206,0,0.3603630711392033
2208,1,0.4429523050300731
2218,0,0.2063498617111148
2223,1,0.8732591082441108
2224,1,0.888739455192427
2226,1,0.6026553662780632
2228,1,0.48567082591135874
2232,1,0.48567082591135874
2234,1,0.7070263760315063
2243,1,0.8460992620523082
2247,0,0.2809294786137323
2249,1,0.48567082591135874
2252,1,0.6995281683847652
2253,1,0.8901793298486886
2259,0,0.337728026662744
2261,0,0.14238290730689004
2264,0,0.31842008129929655
2268,0,0.24020717859854135
2269,0,0.24020717859854135
2270,0,0.32319022348843984
2276,1,0.844812942754744
2283,0,0.23848420844855722
2287,0,0.22046911703249283
2290,0,0.24058040921768103
2291,0,0.1823288018033516
2293,0,0.24739046675092993
2295,0,0.15039283917652518
2302,0,0.3747628245675976
2305,0,0.2514464508851153
2310,1,0.8754235425524304
2313,0,0.40352442278070333
2316,0,0.40352442278070333
2320,0,0.22999216504077516
2322,0,0.2514464508851153
2323,1,0.8090391579979257
2326,1,0.6992152619518911
2328,1,0.8785230054341807
2331,1,0.44629729162025866
2335,1,0.9164196151413582
2338,0,0.2885217118103431
2343,1,0.424478988374153
2344,0,0.40352442278070333
2345,0,0.4610040460390164
2353,1,0.8796367345805159
2355,1,0.5536256390308878
2357,0,0.3426921191326088
2360,1,0.7155220296296485
2365,0,0.3397421001400205
2369,0,0.21090142606844914
2371,0,0.38913459487789115
2378,0,0.3126924423686624
2380,1,0.5211066563376744
2381,1,0.512715882109648
2383,1,0.7731244852647761
2384,0,0.33398920013270805
2392,1,0.5663103685443687
2393,1,0.4415878593062919
2401,0,0.43715607257555067
2403,1,0.5508986546540471
2404,0,0.12828091028273783
2405,0,0.1386190027414025
2407,0,0.26025199497520335
2411,0,0.07487875750863075
2424,0,0.09584810922159963
2426,0,0.12008158125310828
2431,0,0.20674872379338904
2433,0,0.2274242378122416
2434,0,0.09605182101949404
2436,0,0.42769242447591505
2439,0,0.17560839352054192
2444,0,0.11511284592211098
2447,0,0.1917224919026875
2448,0,0.11982353213792041
2449,0,0.07652764635701606
2450,0,0.1550783928149092
2461,1,0.7474164070228839
2469,0,0.1384490956035901
2472,0,0.17880490881926675
2473,0,0.24331479532895783
2474,0,0.42769242447591505
2477,0,0.2127784349443498
2481,0,0.4904827154767458
2484,0,0.10584166723959876
2495,0,0.40764088051525216
2503,0,0.15017549670676514
2509,1,0.8843988052620377
2511,1,0.9085876420370818
2518,1,0.9153884976211806
2522,1,0.8826807220209933
2525,1,0.9032570449926351
2526,1,0.7235428089512872
2529,1,0.7259766465901651
2533,1,0.7259766465901651
2549,0,0.13340615356588734
2551,0,0.16709255176008708
2558,1,0.47997841091007326
2562,1,0.9203853342967041
2563,1,0.658528204475884
2567,0,0.346570837346754
2574,1,0.8327976830140897
2577,1,0.7456488785289577
2578,0,0.42769242447591505
2580,1,0.5850008564044926
2581,1,0.2951688134548257
2583,1,0.7472243682697566
2584,0,0.22449834171756833
2586,1,0.8112229136562464
2589,1,0.8458573197228783
2595,0,0.24681174343559314
2596,1,0.3752394134041571
2600,1,0.8836386716805176
2601,1,0.7339638142335624
2607,0,0.35347437069371845
2610,0,0.20581937099733366
2613,0,0.10221144904053182
2615,0,0.49446155155328514
2618,0,0.2845810524795753
2620,0,0.47019366478681246
2623,1,0.904555211442467
2626,0,0.2320354664302543
2630,1,0.5255490915438144
2634,1,0.9164862432192781
2636,1,0.8851384642100153
2638,0,0.2117496446238692
2639,1,0.8183857513857028
2646,0,0.3669615168219239
2650,1,0.8997130214419149
2652,0,0.3235157616400151
2653,0,0.12704636026165647
2654,0,0.18347675548414927
2662,0,0.10750816095809547
2665,0,0.14482944261235597
2669,0,0.20239614554631605
2674,0,0.15798179314969107
2678,0,0.2940324434327637
2681,0,0.15330274967457563
2685,0,0.08721991259684045
2686,0,0.2158294158509479
2690,0,0.16634094654918208
2697,0,0.14875928650946413
2699,0,0.2655373392998016
2704,0,0.14897544921378714
2705,0,0.2980199238201396
2710,0,0.11057487289642134
2712,0,0.15414117559920687
2713,0,0.037034363846400346
2716,0,0.06420442359417339
2717,0,0.20708155916439444
2718,0,0.16170993116852977
2721,0,0.20381502802579277
2722,0,0.12344800629988066
2735,0,0.0828272102234787
2737,0,0.1625233797283006
2738,0,0.133361795979602
2742,0,0.15757327531968793
2745,0,0.14728786298914717
2746,0,0.19389400146949504
2747,0,0.12735313804255194
2750,0,0.16460676316048636
2751,0,0.0642959560786265
2754,0,0.19425191375737058
2762,1,0.4907618339952607
2764,0,0.20925559971954283
2772,0,0.13149706792821889
2775,0,0.1581126027569941
2776,0,0.1537322263370253
2779,0,0.10865864990287238
2781,0,0.0789751956501985
2789,0,0.1416990835869749
2790,0,0.1647380656254433
2791,0,0.14653404209500612
2798,0,0.13255765938296743
2800,0,0.1647380656254433
2804,0,0.35717823459598863
2805,0,0.3194534802294853
2806,1,0.4690239280333244
2809,0,0.26301055686834796
2810,1,0.533217464245146
2812,1,0.5748146915111894
2814,1,0.9521916797580643
2816,1,0.6820506546517113
2818,1,0.5748146915111894
2823,0,0.21289246140629364
2824,1,0.8822562352905416
2834,1,0.8153202717627698
2837,0,0.4130749515905747
2840,1,0.412469039596527
2845,1,0.9589211835123722
2847,1,0.9423091734212605
2848,0,0.3359833652510501
2850,0,0.2616608096355593
2859,1,0.4465188401699557
2862,0,0.3362847474473317
2868,1,0.6256276830671637
2874,0,0.5269201661438921
2876,1,0.3629654330209342
2892,1,0.625894665146875
2894,1,0.6618461736767052
2897,1,0.47489967778064146
2901,1,0.3681008239291638
2903,0,0.1727188877449287
2904,0,0.11464723386085032
2906,0,0.18120878038722313
2914,0,0.1709185001234718
2918,0,0.10314111327114539
2919,0,0.35584972285926886
2923,0,0.15142678773649415
2926,0,0.3221551592480099
2928,0,0.31169210851121476
2930,0,0.19869344353427779
2938,1,0.4055486166017851
2940,1,0.6251857672158035
2949,0,0.13341198739386528
2951,0,0.1961092851909013
2958,0,0.40167155068581284
2961,0,0.1638869379411354
2962,1,0.546643100211867
2964,1,0.5444460367045365
2966,0,0.28209635097819097
2967,0,0.37171749841682017
2968,0,0.4013518526997675
2972,0,0.26244430030797594
2977,0,0.12206567887508003
2978,1,0.6633861934320131
2979,0,0.17438264675646548
2981,0,0.1431450288294002
2985,0,0.28446800414758006
2986,0,0.16760605624927885
2989,1,0.8263661733456524
2994,0,0.2425989235717359
2996,1,0.813641474918148
2997,0,0.18610305891801496
2999,0,0.1367640734639514
3002,0,0.2501493272966784
3007,0,0.28765661986935676
3008,0,0.12617124503321614
3017,0,0.2622573409061897
3020,0,0.17887664904804046
3024,1,0.4770183675814416
3028,0,0.39408621678968514
3031,1,0.6513148023138723
3032,1,0.6647787961891047
3033,0,0.2923780500073955
3035,1,0.5004397665595757
3040,0,0.3890839175971975
3041,1,0.4256966895862235
3046,0,0.19842507769221204
3050,1,0.4369700358218885
3063,1,0.4770183675814416
3065,0,0.3310622423822961
3067,1,0.4770183675814416
3069,0,0.3006714297101236
3076,1,0.4682439282238946
3078,0,0.22015906387128972
3081,0,0.3404432404922556
3087,1,0.3604904433776137
3088,1,0.611726990654057
3094,0,0.3006714297101236
3096,0,0.3139971176160348
3098,0,0.3715439534658485
3103,0,0.564924759353311
3110,1,0.919590152965169
3113,1,0.9420235502892649
3121,1,0.9616921249722421
3127,1,0.884549240542297
3128,1,0.9005009030850033
3129,1,0.943681324625667
3135,1,0.9398801720440713
3143,1,0.8849598989620933
3146,1,0.9157613685820442
3148,1,0.9431240128009262
3149,1,0.8953391052018449
3151,1,0.9325308834476007
3156,0,0.15030916654360615
3160,0,0.12018382561630346
3164,0,0.3723270606751824
3169,0,0.13694716787049016
3178,0,0.18192589647925905
3187,0,0.2645519766600715
3194,0,0.13454943207020792
3202,0,0.32475656955408017
3203,0,0.12567545646854159
3204,0,0.08742373660033921
3206,1,0.7122873672084296
3207,0,0.11856111793133675
3208,0,0.1255627369052321
3209,1,0.8102203702192059
3213,0,0.13042785964890463
3214,0,0.528236821859579
3215,0,0.12113495946032025
3220,0,0.13147028723666243
3223,0,0.12567545646854159
3224,0,0.13230191221725038
3226,0,0.11664300487564547
3228,0,0.14680795570043673
3230,0,0.10315023651338102
3232,0,0.11478658786873928
3233,0,0.1255627369052321
3234,0,0.2753346955402108
3238,0,0.10943054846181129
3246,0,0.17256435372685844
3247,1,0.8832346039197302
3250,0,0.3663206175466843
3251,1,0.5016082036799536
3254,0,0.49896521819576994
3257,1,0.7862793686019796
3258,0,0.25623617246392916
3261,0,0.1781909422511836
3267,0,0.19035361940185733
3268,0,0.21157104604886273
3269,0,0.11705582224457814
3271,0,0.12057143815603599
3272,0,0.20067569529866486
3273,0,0.12966278078457152
3279,0,0.16208527294589475
3290,0,0.31175344765981483
3291,0,0.1781909422511836
3293,0,0.250026261016623
3294,0,0.23279888789538722
3298,0,0.09222415768586241
3305,1,0.8005621925159785
3306,0,0.19934478830582825
3307,0,0.16661017465035505
3310,0,0.1155107049419649
3313,0,0.136963547788176
3314,0,0.1155107049419649
3315,0,0.20028444196325193
3316,0,0.17217288250328394
3321,1,0.751853128903475
3325,0,0.1583822380510312
3326,0,0.18479204140312996
3327,0,0.2185469020835465
3330,1,0.8793400035020429
3331,0,0.4059250097607743
3332,0,0.23456909983083093
3333,0,0.29743062788897356
3343,0,0.33112692602662136
3344,0,0.35148354199390697
3348,0,0.10007218892599054
3349,0,0.1155107049419649
3350,0,0.12225602541474306
3352,0,0.1041584709739238
3353,0,0.4351031354333046
3354,0,0.20968480856152005
3358,0,0.4065540733691993
3360,1,0.6879653120584339
3366,0,0.16385217492316267
3371,0,0.5706503360789831
3374,0,0.2384689754329329
3375,0,0.3435466976944036
3378,1,0.6437327748846338
3382,0,0.4319912413749243
3384,0,0.07651146179237052
3385,0,0.32981177946539597
3386,0,0.20467728466225582
3392,0,0.4219930917470528
3399,0,0.4932130300505725
3407,0,0.26007040257035235
3409,0,0.26007040257035235
3416,1,0.8988164098694239
3420,0,0.11621904028374205
3422,1,0.9572872598426196
3424,0,0.26007040257035235
3426,1,0.8909370803835114
3427,0,0.29332855482629644
3434,0,0.1783252561880937
3438,0,0.26007040257035235
3441,0,0.5230686548047798
3442,1,0.6031091981367419
3443,0,0.379996590021738
3444,1,0.6632302053265726
3449,0,0.29332855482629644
3453,1,0.9383915988805014
3454,0,0.2689357588512491
3456,1,0.9060635452481454
3457,1,0.5921273873103161
3458,1,0.9427221537053092
3461,1,0.9141564844529041
3467,0,0.4173627205191071
3479,0,0.483373423351789
3488,1,0.9466198239776387
3491,1,0.8930642277947135
3496,1,0.9032955016741286
3502,1,0.5228450327540082
3507,1,0.8953241790228266
3511,1,0.8269609007888501
3515,1,0.963101879390829
3516,1,0.9070273744367641
3538,1,0.727453698712066
3539,1,0.793842336078905
3541,1,0.9001726111351218
3545,1,0.8807375779767797
3546,1,0.963101879390829
3547,1,0.7179588721840028
3551,1,0.9499373808177706
3553,0,0.1340089206243545
3556,0,0.19453313243594295
3558,0,0.45852510232285393
3559,0,0.20814796288689322
3561,0,0.07630681222134235
3562,0,0.19926918719485898
3563,0,0.2602385469864213
3564,0,0.21725015621649602
3571,0,0.13114662382579825
3574,0,0.2185645388109103
3576,0,0.1689745562367318
3577,0,0.19228554845774773
3579,0,0.2294495985061557
3580,0,0.5174602948977921
3586,0,0.0843056921410251
3590,0,0.3627691719485201
3599,0,0.23045953051705687
3600,0,0.2966469000788013
3601,0,0.13357011286963863
3605,0,0.4550456035224161
3606,0,0.2089246455499652
3612,0,0.1263713101180282
3614,0,0.11631421286131281
3615,0,0.106106867090236
3616,0,0.12483636302990017
3620,0,0.23918727091715924
3622,0,0.07364090301264917
3624,0,0.09668677886216977
3630,0,0.10491614306990826
3644,1,0.33889597167485563
3649,0,0.36569724621744176
3651,0,0.18089359170832492
3654,0,0.19952258751562327
3665,0,0.18297455188290737
3668,0,0.08915848766949688
3671,0,0.06675181293253352
3672,0,0.10081896768150225
3673,0,0.2238824666520993
3677,0,0.2689268358784737
3678,0,0.2531466866107278
3687,0,0.17710974712214722
3688,0,0.12321952305490753
3693,0,0.2842794983582456
3698,0,0.17577680327233622
3699,0,0.4320317069823438
3701,1,0.8790175493818653
3703,0,0.07046830309709416
3706,0,0.12334382875700067
3707,0,0.1983599808573809
3709,0,0.2725647843077924
3711,0,0.3144450984256525
3714,0,0.4536584046428409
3716,0,0.07046830309709416
3720,1,0.8263661733456524
3728,1,0.7405403514608642
3731,0,0.33949314476461956
3732,0,0.16274191167714036
3733,0,0.47370205410595
3734,0,0.18381618903717073
3740,0,0.27301729438116196
3746,0,0.18159731511987928
3749,0,0.2504108017844644
3751,0,0.4307848743205005
3755,0,0.13723021180103762
3757,0,0.2647716045737002
3762,0,0.22395128354962338
3767,0,0.3269655931762178
3769,0,0.2913654339964923
3779,0,0.12620398157300813
3781,0,0.3434473001689977
3782,0,0.27245202864234164
3783,1,0.7319835459769248
3784,1,0.7789070369056574
3790,0,0.3259036572275104
3791,0,0.22395128354962338
3792,1,0.8763451514177331
3794,0,0.14130143375679063
3799,0,0.2854906201040921
3801,0,0.23432333943328065
3804,0,0.20940824635188532
3808,0,0.19580319929864054
3809,0,0.17212697336311006
3811,0,0.25784923568708035
3813,0,0.11705328907028034
3817,0,0.14883564728356963
3818,0,0.36365323924723536
3823,0,0.1308236493276021
3843,0,0.11954687304015446
3844,0,0.23432333943328065
3846,0,0.20166279361268605
3847,0,0.5188732298154503
3852,0,0.39395897169026095
3854,0,0.3539742232451706
3856,0,0.2143653990163312
3863,0,0.3324013814805748
3865,0,0.3132058733493164
3867,1,0.4476450449805465
3871,0,0.3539742232451706
3872,0,0.3539742232451706
3878,0,0.3539742232451706
3880,1,0.48287824653012246
3881,1,0.4476450449805465
3882,1,0.358675682760748
3883,0,0.2835981438799276
3884,0,0.35675264183885536
3885,1,0.50910110635029
3886,0,0.21453596474795666
3890,0,0.22268545733040393
3891,1,0.41816022753486926
3898,1,0.9376647593193235
3902,0,0.35575474437693333
3909,0,0.48937254693321885
3910,0,0.23556804863426345
3912,0,0.20183708777863427
3915,1,0.952691196655731
3918,0,0.3195239772967137
3920,1,0.952691196655731
3925,0,0.3050957771994734
3928,0,0.12468497244664338
3929,0,0.3475580745384318
3930,1,0.952691196655731
3931,0,0.41866326223876954
3934,0,0.2690473422346763
3939,0,0.10797514337518191
3941,0,0.25213981960170967
3942,1,0.6202486939363331
3943,0,0.13208909712751443
3946,0,0.2984850711172915
3963,0,0.4730607093912291
3965,1,0.6550158929526944
3966,0,0.325083161030739
3971,0,0.2899677346427668
3972,1,0.8746714355237198
3974,1,0.44567109383742465
3976,1,0.7339390983039353
3978,1,0.628127267799354
3981,0,0.4615546735427467
3985,1,0.6461207401358184
3986,1,0.4708174308611176
3987,1,0.8602043447909673
3988,1,0.9559796858998466
3991,1,0.9458499361992003
3999,1,0.7958641867645033
4001,0,0.2881712883821215
4002,1,0.7648889034359518
4004,1,0.6101972606472645
4007,1,0.5535747817399792
4009,1,0.46593662532525304
4013,1,0.4727210294059234
4015,0,0.3145494277711849
4016,1,0.5365645808020668
4023,0,0.282005890752155
4031,1,0.6713655313738047
4035,1,0.49182394891245307
4036,1,0.4727210294059234
4037,0,0.14735511335922766
4040,1,0.922571604119894
4048,1,0.7207708242897233
4053,1,0.8904274666803882
4056,1,0.8904274666803882
4059,0,0.3163207442375384
4066,1,0.830143678082984
4067,0,0.3863189361991175
4069,0,0.34211320274776746
4070,0,0.37750470737975206
4071,1,0.7164023644516353
4073,1,0.9115609737976923
4074,1,0.6631268307508701
4075,1,0.694242973858226
4082,1,0.8904274666803882
4090,0,0.12980249286417125
4099,1,0.8639368393337385
4102,1,0.7422181005352688
4106,1,0.5210171727500783
4109,1,0.5054501756361152
4110,1,0.8522694574203225
4115,1,0.4767921627586619
4118,1,0.8639368393337385
4120,1,0.8554031019033875
4125,1,0.4767921627586619
4126,1,0.7975057353494142
4130,1,0.8259964011357872
4134,1,0.8639368393337385
4136,1,0.4523279599253317
4137,1,0.8764476556066305
4144,1,0.3801795198409786
4148,0,0.21196831265623772
4151,0,0.16383659010284204
4155,0,0.044164525025232895
4162,0,0.07046130319825336
4165,0,0.12642912486015903
4169,0,0.12145791697860639
4174,0,0.14107444354869003
4179,0,0.12599961081235386
4185,0,0.07596951032396734
4186,0,0.11408209247327633
4187,0,0.12145791697860639
4188,0,0.09192415021160681
4190,0,0.07931240129306413
4192,0,0.18347184841818023
4193,0,0.08506742684181479
4194,0,0.1801703696772679
4195,0,0.23125066722928023
4196,0,0.10639258635957935
4207,1,0.9328684950564661
4208,1,0.9216631581454923
4215,1,0.9328684950564661
4217,1,0.9283419923051726
4222,0,0.4108732324090897
4223,1,0.9278397228820867
4226,1,0.5963341593995389
4228,0,0.42855250019613766
4229,0,0.3127503463599201
4231,1,0.9403939985171677
4234,0,0.18329830747349285
4236,1,0.5295469896276415
4249,0,0.33934077874561613
4254,1,0.4796759094644979
4258,1,0.5684083465494498
4259,0,0.33565190224822183
4263,0,0.22764484246879935
4267,0,0.20575884875039138
4277,0,0.24047708179826136
4278,0,0.11270975746796554
4280,0,0.11270975746796554
4283,0,0.2651878494477735
4285,1,0.4250462176784754
4286,1,0.4250462176784754
4287,0,0.11270975746796554
4290,1,0.6427236071679039
4291,0,0.23957471126222435
4294,0,0.34159805400913634
4302,1,0.7467611389028739
4308,1,0.6694265803434045
4310,0,0.1547322486500085
4311,1,0.567136348371502
4315,1,0.7561959772140433
4316,0,0.11294139986183577
4319,1,0.5190968192486934
4331,1,0.7519187279821962
4338,1,0.8710180291916656
4339,1,0.5951378133448153
4340,1,0.6700089509418741
4344,1,0.669406508494431
4346,1,0.8601986109213139
4347,1,0.8683899437114929
4360,1,0.9326424513439241
4364,1,0.9674389401771735
4367,1,0.7159478340563101
4369,1,0.7267017766969179
4370,1,0.8123471866436718
4371,0,0.44806957933469665
4380,1,0.8886654021950702
4386,1,0.803032605768528
4389,1,0.8803634157725682
4390,1,0.8190256308972728
4394,1,0.7542150587369569
4399,0,0.0956466368069141
4400,0,0.4869453743723085
4404,0,0.12660908078603852
4409,0,0.1270907085120686
4414,0,0.08302035192169532
4417,0,0.22254046071181494
4418,0,0.05365537668164148
4419,0,0.0804923457015432
4420,0,0.3763372987074721
4422,0,0.34019208121570943
4429,0,0.2599192242196576
4431,0,0.14787908875902805
4433,0,0.12760689252497848
4434,0,0.37226739682361387
4439,0,0.1184119800466107
4443,0,0.16253505622813974
4446,0,0.18292766736453572
4447,0,0.08302035192169532
4453,0,0.3113458992837905
4460,0,0.39340959749724014
4461,1,0.4633707714892339
4462,0,0.16711959951429708
4467,0,0.16574936282906558
4469,1,0.5279545000572246
4473,0,0.27788711060345983
4474,0,0.21232254051613522
4475,0,0.14609139398858967
4477,0,0.39340959749724014
4481,0,0.13982293252984074
4483,0,0.20156058061679644
4484,0,0.39340959749724014
4485,0,0.32905312482469246
4495,0,0.3279300550917111
4497,0,0.23353900358122626
4500,1,0.7093245731050806
4501,0,0.37348194570616333
4502,0,0.21594604381039798
4505,0,0.2908629273170626
4506,0,0.24990297879317788
4510,0,0.21594604381039798
4512,1,0.5203124931022065
4513,0,0.265379114435349
4532,1,0.5027864768218716
4535,0,0.25605349991188403
4536,0,0.3047090921975785
4540,0,0.2870955613140565
4545,1,0.7413395950876092
4552,1,0.8362313033243954
4554,1,0.8549287141901428
4555,0,0.23491953357878084
4558,1,0.7903950417462507
4559,1,0.5896413047099831
4560,0,0.24300143714755856
4566,0,0.3128475727254393
4570,0,0.603060754791489
4572,0,0.23549098105769373
4574,0,0.15720194247503716
4581,1,0.8549287141901428
4583,1,0.9187780068860039
4586,1,0.8736438005603424
4591,1,0.9290737980939605
4594,0,0.46515680762803246
4603,0,0.35632090272662725
4605,0,0.1175766374700538
4612,0,0.2980994782480337
4613,0,0.35632090272662725
4615,0,0.5454421733016745
4618,0,0.4917810537165712
4621,0,0.16688984995999684
4623,0,0.296948422499209
4626,0,0.25439036018891226
4629,0,0.4198075380933325
4633,1,0.41651132683167874
4636,0,0.15125660537258429
4638,0,0.46579313459195404
4640,0,0.29040324964778613
4643,0,0.179836334878391
4645,0,0.13058868470802523
4647,1,0.512950922985789
4648,0,0.16438885907964168
4651,0,0.08873544162323249
4652,0,0.2952780214955094
4653,0,0.24924066750592438
4654,1,0.7818940145647708
4660,0,0.07333172499450634
4662,0,0.07333172499450634
4663,0,0.12903461006219033
4665,1,0.5405143744659606
4668,0,0.1919712311093992
4676,0,0.3449608138374186
4683,1,0.9111461404598606
4685,1,0.7311185874041806
4686,0,0.08873544162323249
4701,1,0.5577420514672966
4718,1,0.40518184097101767
4721,0,0.21139968454727598
4727,0,0.12034378846214172
4728,1,0.8319123762765113
4733,1,0.5251520042262052
4741,1,0.5121806159022015
4743,1,0.579922298346544
4746,0,0.42769242447591505
4751,1,0.799119518417976
4756,1,0.8449358142654714
4761,0,0.4039774176708285
4763,1,0.8543283477379562
4764,1,0.7371399032521538
4767,1,0.8041102032398217
4772,1,0.8246431589410357
4776,1,0.8869064856667261
4780,1,0.9015526350187306
4781,1,0.8589792671500234
4792,1,0.8812481152379055
4796,1,0.8623631575443043
4801,1,0.910023763252058
4804,0,0.26886859244277955
4805,1,0.7802748984837086
4806,1,0.9476056211336964
4811,0,0.32595021629047
4815,1,0.44041451181729596
4816,1,0.39087846692224104
4817,1,0.8743807662815106
4818,0,0.42292490414899764
4822,1,0.3113133199835151
4824,1,0.6200863711306133
4827,1,0.8534682428975199
4837,0,0.2309791761325811
4838,1,0.8353197620435422
4839,1,0.8712840351028742
4841,1,0.5629510349732034
4851,1,0.6934656179923064
4855,1,0.8845457119287997
4861,0,0.2523185052503611
4862,0,0.11791512788362493
4863,0,0.05728067967146317
4865,0,0.18326184258213568
4871,0,0.1994233752810744
4873,0,0.08074748839427795
4880,0,0.13055034594381582
4885,0,0.15332436865595805
4886,0,0.10012037681531596
4902,0,0.09405400697504945
4904,0,0.09165610942837675
4907,0,0.1297785362722132
4916,0,0.4369721257661289
4921,0,0.3146349336227964
4925,0,0.1988611491206364
4927,0,0.1572511291999397
4928,0,0.29162586736947566
4930,0,0.1293592536513425
4932,0,0.13555598288106724
4933,0,0.10956119819715417
4937,1,0.5457573952481214
4939,1,0.871895341932486
4941,0,0.36429607911048756
4942,0,0.27509993009279277
4947,0,0.1776773139732335
4949,0,0.1293592536513425
4950,0,0.1605183192670305
4956,0,0.31548049923737315
4960,0,0.27794965805030375
4963,1,0.5096712170439783
4965,1,0.5418643789792423
4976,0,0.12665771043213722
4977,0,0.12665771043213722
4987,1,0.41945313539612405
4991,1,0.3410852905820283
4994,0,0.1791673609692774
4999,1,0.4421670976875074
5003,1,0.8239488296671498
5006,0,0.2775628414686758
5009,1,0.6844740285772157
5011,1,0.48797835914782334
5012,1,0.8520675090940675
5014,0,0.1473679294690399
5020,0,0.2872516261956144
5021,0,0.18363167979980263
5023,1,0.5338879377489463
5026,0,0.2425146928697469
5030,0,0.2881502651700763
5031,1,0.8107737897366118
5036,1,0.6501470294714776
5042,0,0.5197659082741501
5045,1,0.7986122340735151
5048,1,0.7986122340735151
5051,0,0.3264092267014011
5053,0,0.2525420149792601
5054,0,0.3859039372562879
5057,0,0.13188612998200405
5058,0,0.47335634829299655
5066,1,0.9368038807534012
5070,1,0.9474771748859154
5077,1,0.7963315112910772
5081,1,0.781960002884122
5084,0,0.28460127172026933
5086,0,0.42769242447591505
5090,1,0.6391583106899168
5091,1,0.866549073470618
5093,0,0.4714193085617524
5100,0,0.3016448084840292
5108,1,0.9368038807534012
5111,1,0.9168539144000256
5112,1,0.908674800784957
5118,0,0.3544214994653473
5121,1,0.9320414233098597
5123,1,0.9320414233098597
5129,1,0.6214721591685506
5133,0,0.2988477930558289
5143,0,0.14962821555809924
5147,0,0.4576770702553138
5151,1,0.8581188594470993
5156,1,0.8934110781622843
5158,1,0.9320414233098597
5161,0,0.1375020559711587
5163,1,0.4434312738538061
5167,1,0.7894247504866789
5173,1,0.8909827364934859
5205,1,0.7378604395498567
5214,0,0.2736015823962607
5215,0,0.39791781683108574
5216,0,0.09117518719679833
5217,0,0.40006252240955964
5225,0,0.39791781683108574
5237,0,0.22577217771859454
5239,0,0.26221897372458947
5240,0,0.08872921092864028
5241,0,0.39791781683108574
5246,0,0.21512761011331233
5250,0,0.40642608441838307
5253,0,0.39791781683108574
5258,0,0.08174019675992888
5261,0,0.3652047254433626
5268,0,0.21246443897228523
5275,0,0.10561495706158908
5277,1,0.558042426729537
5279,0,0.5618615318060967
5288,0,0.20967151084762464
5289,0,0.07564869050140205
5294,0,0.39641279455887973
5303,0,0.17440803482419115
5307,0,0.27204836502564933
5311,0,0.24115705412466656
5312,0,0.13483963722529482
5314,0,0.42769242447591505
5318,0,0.12740716398862728
5327,0,0.22308134029862867
5329,0,0.4862140026664561
5333,0,0.4621070824150931
5334,0,0.20455858991331421
5340,0,0.48365385677978867
5348,0,0.3843066352849469
5358,0,0.2742207669246145
5360,0,0.16251395778354233
5361,0,0.21941038697576323
5363,1,0.8639546831732539
5364,0,0.08714316775700849
5369,1,0.8636046927663469
5370,0,0.12989755552577886
5374,1,0.8639546831732539
5376,1,0.5806580631274882
5388,0,0.3010679856500891
5390,0,0.2624953953835546
5393,0,0.42769242447591505
5394,1,0.8170718926866108
5395,1,0.7265336801662681
5398,1,0.7005073538906355
5399,1,0.8039887138593054
5401,0,0.14039793712344256
5402,1,0.89901633554531
5405,0,0.35131154196815745
5414,1,0.5754014788937688
5415,1,0.7473035394655554
5419,1,0.48422702498046266
5421,0,0.2539672987365422
5422,0,0.2458941146111095
5424,0,0.5224649738380431
5427,1,0.44493391239353564
5429,1,0.4095257401093074
5431,1,0.5877693966223705
5433,0,0.34874079709631495
5434,1,0.7630385235379484
5435,1,0.7330755444164331
5436,0,0.1907900346612323
5438,1,0.719277958707657
5440,1,0.5613822844658825
5441,1,0.4808029700214408
5447,0,0.26256928729423556
5451,1,0.7347568548123825
5453,1,0.6098140944640907
5456,1,0.4465354271396573
5457,1,0.5891782041433242
5463,0,0.35416156141754196
5464,0,0.17463049315813794
5470,0,0.12612357736685853
5472,0,0.20995986985795748
5474,0,0.23467491702238757
5478,0,0.10004711584579568
5483,0,0.3036187257890224
5490,0,0.31408522037912495
5500,0,0.3447608966886569
5504,0,0.25466654600587796
5508,0,0.16018925769605633
5511,0,0.07265641759875069
5512,0,0.11163799596182587
5513,0,0.31460455209997173
5516,0,0.4908071333238516
5523,0,0.11651618537474015
5527,0,0.07501430317514705
5530,0,0.11949098266295685
5533,0,0.19021849654617098
5536,0,0.1715391674482954
5537,0,0.09211513747416307
5542,0,0.1108921156128827
5543,0,0.22363212592610138
5546,0,0.08081788988738077
5549,0,0.23845538130149346
5550,0,0.2536178609587786
5551,0,0.24071331912899446
5562,0,0.13453401940694243
5566,0,0.3133669690669557
5568,1,0.48028299887720804
5571,1,0.8894229529394294
5572,1,0.8866583410666271
5574,0,0.23783734047551844
5583,0,0.13465063021690693
5585,0,0.23783734047551844
5591,1,0.3410229363173943
5596,0,0.23783734047551844
5597,0,0.13465063021690693
5601,1,0.9308886980484459
5606,1,0.8338780363015497
5607,0,0.13465063021690693
5610,0,0.13453401940694243
5615,0,0.4026061309543172
5616,1,0.8703817778079181
5623,1,0.3829406349249469
5630,1,0.6435226588228038
5636,1,0.8754429917618554
5637,0,0.586943546840182
5639,1,0.43696713548060484
5640,1,0.8018886306820521
5643,1,0.8491016314866469
5648,0,0.16847355400886643
5649,0,0.222281815537051
5660,0,0.21883073206264247
5666,1,0.6574578134285747
5667,1,0.8004242589897108
5678,1,0.43726643193762543
5679,0,0.32005819925502765
5681,1,0.558844636816928
5682,1,0.3836715855790771
5691,0,0.4672811922519319
5696,1,0.9761253648480721
5697,1,0.9216734996088061
5700,1,0.35793766799117543
5701,0,0.34627291096447294
5702,1,0.7461751761176177
5708,1,0.8759355003189474
5709,1,0.8291625437294567
5718,1,0.9110668867342162
5723,1,0.7926884442432516
5725,1,0.8904650722906309
5728,1,0.9286080134201495
5731,1,0.9076231486919593
5735,1,0.8340572475228945
5737,1,0.8811672894958549
5738,1,0.8173699054341239
5742,1,0.7631409519975357
5747,1,0.36900085831402546
5749,1,0.7299304339397379
5750,1,0.9602688558614043
5755,1,0.7318866686023899
5756,1,0.7761412461737736
5761,1,0.9208673903481817
5762,1,0.8952052321717916
5767,1,0.8664448704104336
5768,1,0.36900085831402546
5770,1,0.7663564378311131
5773,1,0.839343039722694
5774,0,0.21916810617553853
5779,1,0.8587001189298972
5782,1,0.877840866274766
5785,0,0.23975100573216435
5786,1,0.9380183004983949
5787,1,0.937441803046257
5788,1,0.8583537334873181
5796,0,0.29027112225121854
5802,0,0.19417112665098935
5806,1,0.9352144530726992
5809,1,0.3096473412291828
5810,0,0.15585935652122945
5811,1,0.9288806119135056
5813,1,0.8841262831851744
5820,0,0.3183360805093798
5823,0,0.23189414194383628
5830,1,0.8730068689356567
5831,0,0.18348559695468494
5838,1,0.7542680902403509
5839,1,0.5987041491092772
5844,1,0.6795514485870535
5846,1,0.8566380150068356
5851,1,0.733607663096967
5852,1,0.8152995718436016
5857,1,0.4693889674712858
5859,0,0.36273305229619485
5860,1,0.8791292101847444
5862,1,0.5903765748473903
5865,1,0.7859032936821395
5866,1,0.7275469091532382
5871,1,0.86041740143128
5872,1,0.5767784411070844
5877,1,0.86041740143128
5878,1,0.8981370794346837
5879,1,0.8983906548476142
5880,1,0.473567970758563
5895,0,0.0748708916990308
5897,0,0.18440269077748325
5910,0,0.2356126941661411
5914,0,0.3187812555807326
5915,0,0.07403070012338711
5917,0,0.0918555425001909
5924,0,0.11982698401917936
5926,0,0.3187812555807326
5931,0,0.19996611503528272
5936,0,0.2016303263324023
5940,0,0.14458325957989734
5941,0,0.2763177916084142
5945,0,0.34343681422360783
5946,0,0.2442514300584357
5948,0,0.38713855977086553
5951,0,0.4552772046948012
5967,0,0.49890276465441186
5968,0,0.3022040829647519
5969,0,0.17866088143445744
5970,0,0.18433788766559372
5971,0,0.3350660573201225
5973,0,0.16788469635967462
5976,0,0.359732175427499
5977,0,0.2527743597638948
5984,0,0.42867378228251773
5986,1,0.6108347337888
5993,1,0.540298274507764
5994,1,0.6692466807672302
6005,1,0.7956321555490615
6006,1,0.8531905972146479
6008,1,0.6149923873703864
6010,1,0.8531905972146479
6011,1,0.529676582729055
6014,1,0.8306981753792998
6016,1,0.5811285291401159
6018,0,0.05369283970027548
6021,1,0.6149923873703864
6025,1,0.653707660929363
6028,1,0.6436963714606962
6029,1,0.8145108793907099
6035,0,0.18532577401461678
6040,0,0.41190135999236155
6042,0,0.43731275111503987
6044,0,0.3236257692808207
6046,1,0.5460071899713329
6052,1,0.5144622268400318
6054,1,0.8154452628757414
6062,1,0.6088701759851995
6063,0,0.27159306351728446
6067,1,0.8842046423827006
6068,1,0.833212628232515
6077,0,0.30319327611525815
6079,0,0.30705659077950104
6080,1,0.5527276853414423
6081,1,0.8652248821578887
6082,1,0.8842046423827006
6089,0,0.18251628660223868
6095,0,0.10225820370121257
6101,0,0.16530681531499028
6107,0,0.18368103222407575
6114,0,0.12608107895447815
6117,0,0.08994758326973383
6121,0,0.15278140385774372
6122,0,0.2819433734662037
6124,0,0.20898910786397018
6129,0,0.23369035079030714
6131,0,0.2102938973281272
6136,1,0.7256416855574861
6139,0,0.2613576797535251
6142,1,0.5366880041386161
6143,1,0.813555625081312
6144,1,0.7677366924546982
6149,1,0.5366880041386161
6155,1,0.786807847017293
6157,0,0.47045724660897825
6158,0,0.3852534791968837
6161,1,0.5288470598615505
6168,1,0.5492292273683628
6172,1,0.5288470598615505
6176,1,0.5288470598615505
6177,1,0.7758665673164569
6179,1,0.5782525636162487
6180,1,0.8669382609284301
6182,0,0.3448237801037968
6186,0,0.2853886189242769
6189,0,0.30620968072995053
6190,0,0.3154022141027398
6194,1,0.894880832410029
6204,0,0.32043013439432444
6205,0,0.33575685993312276
6209,0,0.21774484615520223
6210,0,0.2853886189242769
6212,0,0.17609661347972216
6214,1,0.8704126553949587
6221,1,0.8812290721175812
6225,1,0.8704126553949587
6228,1,0.5483919330126407
6229,0,0.2853886189242769
6231,0,0.24455726475269454
6235,1,0.4604590517391379
6236,0,0.2378655216610238
6237,1,0.8640567039484142
6238,0,0.335539559692346
6239,0,0.2378655216610238
6242,0,0.2378655216610238
6249,0,0.2378655216610238
6250,0,0.2378655216610238
6251,0,0.2514674754820468
6252,1,0.8640567039484142
6260,0,0.2541136684882934
6264,1,0.6002342441437425
6266,1,0.36207883482403175
6270,1,0.5568234709401332
6275,0,0.2378655216610238
6279,1,0.3878302301386393
6280,0,0.2378655216610238
6284,0,0.2378655216610238
6285,0,0.41027718310264416
6286,0,0.30322415437996647
6287,1,0.8461040496691064
6288,0,0.22549094896282118
6289,1,0.8107997881905258
6290,0,0.42692228563511003
6291,1,0.7614711313560407
6295,1,0.6956860816427015
6298,1,0.8835883007216878
6307,1,0.8515599928416265
6308,0,0.3921211483665312
6309,1,0.80151622622223
6313,0,0.36325214772200876
6316,1,0.5646905180556363
6319,1,0.6481499894859799
6321,1,0.41005580525683955
6324,0,0.22887708890714564
6327,0,0.35844914941676503
6333,1,0.845862696974888
6351,1,0.8366950349411868
6352,1,0.8664058020807639
6353,1,0.776384021781235
6357,1,0.8664058020807639
6359,1,0.6090677941429082
6360,1,0.46955618660715204
6364,1,0.8860474342262739
6367,1,0.5889417141653038
6368,1,0.8536894990668966
6377,1,0.8988706883394809
6378,1,0.8988706883394809
6379,0,0.35066839846222314
6381,1,0.8910515145244187
6390,1,0.8089055494673149
6401,0,0.33372586852467023
6408,0,0.5565246169683993
6409,0,0.32257860638085395
6411,1,0.36079005399970804
6419,1,0.6118425497948357
6424,1,0.8472587885599633
6426,1,0.7802230834681326
6428,0,0.2317490176498206
6431,0,0.10678062884776533
6432,1,0.810637593325342
6433,1,0.6236356516533506
6435,1,0.9188491606064613
6437,0,0.20702791250774838
6439,1,0.8831929194038848
6442,1,0.5473641029443005
6444,1,0.9231129656433203
6447,1,0.6913322329491236
6456,1,0.6528875487483674
6457,0,0.3049630117933049
6460,1,0.48364685647070205
6468,0,0.44303777326194527
6471,1,0.900641399690443
6475,1,0.5528707191594834
6476,1,0.9357943673091865
6479,1,0.9267977297602454
6483,1,0.8008213129465854
6487,1,0.6759554469266135
6488,0,0.6178818423692253
6489,0,0.2043903310789498
6496,0,0.35929945745168235
6498,0,0.15094942362741798
6502,0,0.265748792725678
6503,0,0.26090804301475745
6507,0,0.31659289072237884
6508,0,0.3299209574414582
6509,0,0.6111341484298127
6517,0,0.5837506180011129
6521,0,0.19031735282746698
6522,1,0.5592854064783894
6524,0,0.265748792725678
6526,0,0.2957735955624618
6531,1,0.8849688752621538
6533,0,0.23474284492942113
6538,0,0.0950575531723164
6539,1,0.7869471270784258
6544,1,0.7699262497205637
6557,0,0.30387573542132157
6558,0,0.1420420591379629
6562,0,0.1166528146259922
6563,0,0.11823244567111266
6564,0,0.31645487132954064
6574,0,0.1363251773465603
6578,0,0.20900772621873587
6581,0,0.28432022826431413
6584,0,0.12259225718851381
6587,0,0.31568313257641817
6589,0,0.2385939487686225
6590,0,0.07125070393233049
6592,0,0.2697799143282024
6595,0,0.18407939089675324
6599,0,0.5085835332998789
6600,0,0.16085144333174917
6606,0,0.16930947316768
6609,0,0.18630402105025765
6612,0,0.16638021765172703
6615,0,0.2978295941430746
6618,0,0.1377351982245543
6620,0,0.24101130104319712
6623,0,0.20704415363599335
6633,0,0.25030165476367094
6639,1,0.7679031279104962
6640,1,0.6622786614782862
6641,1,0.6318906301957986
6645,0,0.4469962070626144
6650,1,0.491512056489544
6651,0,0.39903723145183945
6652,0,0.34528067234465504
6657,1,0.5203900316610622
6659,0,0.3325872670964695
6666,1,0.46549499091410385
6671,1,0.5781762216726873
6673,1,0.7270813056316108
6674,0,0.21471390515140873
6677,0,0.2214011819485867
6680,1,0.7266639454753709
6684,0,0.24292742421304858
6685,1,0.47565652725376556
6691,0,0.17171037611785667
6692,1,0.5685251651399543
6696,1,0.45878187873001064
6698,0,0.2806372719510034
6704,0,0.17669097040032192
6705,0,0.16996443654531268
6710,0,0.16996443654531268
6713,0,0.2039342013432026
6715,0,0.23742380435933977
6717,0,0.16996443654531268
6718,0,0.054093054650814765
6720,0,0.16996443654531268
6728,1,0.4252747858087227
6732,0,0.10920689852185621
6733,0,0.13847847264101165
6739,0,0.16525546234733623
6740,0,0.3141815446981193
6741,0,0.0722189814307661
6743,0,0.3392627861785401
6747,0,0.16996443654531268
6750,1,0.8769632210891273
6752,1,0.7648278450279791
6753,0,0.29619205176715946
6755,1,0.8769632210891273
6761,0,0.23950544606406515
6763,1,0.5770968510251095
6768,0,0.2583114495084886
6770,0,0.2186304355641538
6771,1,0.7382561694777958
6777,0,0.29619205176715946
6778,0,0.5478043725491509
6780,0,0.24772060023135817
6782,1,0.6236461801973792
6786,1,0.8769632210891273
6791,1,0.5770968510251095
6797,1,0.5388856187881409
6798,1,0.5652338573067581
6803,0,0.3986543931844051
6805,0,0.22455422865936436
6812,0,0.22455422865936436
6816,0,0.22455422865936436
6818,0,0.22455422865936436
6822,0,0.22455422865936436
6825,0,0.22455422865936436
6826,0,0.22455422865936436
6827,0,0.22455422865936436
6829,0,0.22455422865936436
6831,0,0.24411153137382047
6836,0,0.21321297177092147
6838,0,0.07263026360314774
6840,0,0.2518224484105366
6842,0,0.1671440229130372
6846,0,0.22455422865936436
6851,1,0.753275266284471
6853,1,0.7244680267204773
6856,0,0.35228101468184275
6859,1,0.7766497602918281
6865,1,0.650353820212104
6866,1,0.7014449409486084
6868,1,0.9740362676596772
6869,1,0.853503586503912
6871,1,0.9435788313439178
6873,1,0.8940511677903002
6886,1,0.6968022775748121
6887,1,0.8116223944766436
6888,1,0.9062779359769533
6889,1,0.9876163198060333
6891,1,0.8736059687880219
6894,1,0.5410451358759565
6895,1,0.4566435375206578
6899,1,0.5696069656299514
6901,1,0.7861078271372712
6902,1,0.781402226596748
6904,1,0.8649557618554806
6906,1,0.7196148076491828
6922,1,0.437791197345905
6923,1,0.41389416144587754
6924,0,0.24194602763575568
6927,1,0.7840774738341767
6934,1,0.43727771697830364
6938,1,0.5648224716199918
6941,0,0.26891471598150024
6942,1,0.650364201646151
6944,1,0.5876718298115735
6947,0,0.1767944818199269
6952,1,0.5592095046515398
6957,1,0.5643973949513078
6958,1,0.8873989408443899
6964,1,0.4601359189179639
6968,0,0.14953021168482175
6969,1,0.9014273071597685
6976,0,0.43607089139184146
6982,1,0.8685709384441394
6986,1,0.526442778263542
6987,1,0.6907094040916426
6989,1,0.6188287121426682
6991,1,0.7094338935182741
6993,1,0.47745251653206866
6995,0,0.11075932381785622
6997,0,0.2196741308874843
7000,0,0.17974929893363178
7003,0,0.13454353199373192
7004,0,0.10333099264606427
7007,1,0.6352778318452421
7011,1,0.5433921933875746
7014,0,0.1503483527765281
7016,0,0.13140872325898773
7017,0,0.2595968991164343
7020,0,0.20734438609289996
7022,0,0.11075932381785622
7028,0,0.11075932381785622
7033,1,0.5229228335315191
7034,1,0.5998580638129543
7035,0,0.27806335429075546
7038,0,0.13454353199373192
7040,0,0.11075932381785622
7041,0,0.17974929893363178
7042,0,0.1167529176216532
7045,0,0.15299006639208657
7049,0,0.2215878419766953
7055,0,0.246511052525707
7057,0,0.32189680980260055
7062,0,0.23330222692214186
7064,0,0.19067986331700865
7066,0,0.1238181174198457
7067,0,0.40831131679551935
7072,0,0.1928648438056516
7079,0,0.2727161780447187
7082,0,0.3294380559304694
7083,0,0.38285785943249984
7084,0,0.30313741759524293
7085,0,0.2215878419766953
7087,0,0.2511457866188223
7090,0,0.17798275809615588
7094,0,0.1722051733546739
7096,1,0.5177079779274645
7099,0,0.23864119131405523
7100,0,0.11864739242555386
7101,1,0.46947943049455887
7102,0,0.5194820924743793
7103,0,0.096497488341097
7107,1,0.480226735476368
7110,0,0.096497488341097
7113,0,0.34519009309226056
7117,0,0.2866678242496797
7119,0,0.22278977234648434
7123,0,0.5248441546621778
7127,0,0.11148042317076551
7133,1,0.7242458353139334
7139,0,0.27403928365862745
7143,0,0.28432705515968254
7145,0,0.11767933078766538
7151,1,0.6392543809156652
7152,0,0.27146088820435094
7153,0,0.24101603432010246
7156,0,0.18558697921794892
7162,0,0.1927306524104588
7170,0,0.37920613911787393
7172,0,0.15650630181334366
7177,0,0.22392481190795666
7181,0,0.318999605525189
7182,1,0.4536062082979113
7189,0,0.15015079059516503
7190,0,0.2266204878670246
7200,1,0.5282810389397933
7207,1,0.9101347455835399
7209,0,0.3852801529680917
7212,1,0.664372244260012
7216,1,0.3678226027114737
7217,1,0.7958641867645033
7219,1,0.8174424270700078
7220,0,0.19730847255287087
7222,1,0.5270348718617037
7225,1,0.6011356820231576
7233,0,0.18021875265648654
7237,0,0.2688999641787629
7238,1,0.5606111806115979
7239,1,0.8332636641127076
7240,1,0.5360846401017576
7243,1,0.8649675706135813
7245,1,0.42491729018672786
7246,1,0.7972165302216693
7249,1,0.9318592870063469
7257,1,0.6714048091392496
7258,1,0.7565091705615203
7259,1,0.9449924883731178
7262,1,0.918679455975679
7263,1,0.9138025797351523
7269,0,0.38166001479552975
7271,1,0.922405696470008
7273,1,0.9138025797351523
7276,1,0.7153674465482821
7279,1,0.8958555328202176
7282,1,0.9434900372407942
7284,1,0.8926839204422021
7293,1,0.548881412717031
7298,1,0.6880208933142502
7303,0,0.38220596924972333
7304,1,0.7492705933021133
7305,0,0.1806069506260459
7308,1,0.6023655780323993
7313,1,0.4985936438186391
7314,1,0.6144866004238646
7321,1,0.5318853872666788
7322,1,0.3974448128436719
7327,0,0.2015707488237673
7333,0,0.27780567856534233
7336,0,0.35787071560815437
7339,1,0.5756165382348888
7341,1,0.46253190664508903
7346,0,0.22392991530437456
7347,0,0.3496976804247026
7349,0,0.3395348772424296
7351,0,0.2846680891496747
7353,0,0.07929215378754835
7363,0,0.2626801370148654
7364,0,0.09194801424598298
7368,1,0.7595864803372403
7370,0,0.3838147002422191
7375,0,0.1713915312783197
7376,0,0.25506421432284304
7379,0,0.1835676373825019
7382,0,0.12864218464023686
7384,0,0.08084977956634387
7385,0,0.13169562309729999
7387,0,0.0889818210359946
7388,0,0.3641392463289239
7389,0,0.1887490904052849
7394,0,0.27453045110173796
7396,0,0.161972705170445
7398,0,0.136387473057533
7399,0,0.1549814630012205
7401,0,0.11959872831270876
7404,0,0.161972705170445
7406,0,0.1894903723406813
7409,0,0.161972705170445
7411,0,0.26747844077426447
7417,0,0.14670471978189892
7420,0,0.3674307095019611
7422,0,0.08439173029929924
7423,0,0.08506233174361522
7427,1,0.7772743842701979
7429,0,0.19144826498436301
7432,0,0.14698252682061355
7435,0,0.07402551604214287
7436,1,0.7223847023857637
7440,1,0.9293878587478979
7441,0,0.14981217241258332
7445,0,0.10550786881276478
7448,0,0.15485227673524785
7449,0,0.17540120117039207
7450,0,0.2947778354954259
7454,0,0.2740453392467457
7455,0,0.29295083148762924
7460,0,0.25032973467174374
7462,0,0.18585690479959383
7464,0,0.2414553041114082
7466,0,0.09079049201957894
7468,0,0.3795157317296777
7469,0,0.09079049201957894
7471,0,0.14048897959569054
7472,0,0.21369414875964432
7483,0,0.09079049201957894
7484,0,0.09079049201957894
7485,0,0.1400525598533668
7486,0,0.15275182747248095
7487,0,0.24495008849693423
7489,1,0.9209334503462694
7492,0,0.22870439225861725
7495,1,0.9532554341868066
7499,1,0.951508718872095
7500,1,0.9576360766323282
7506,1,0.9325417016274692
7508,1,0.8852884769627787
7509,1,0.9446517894591228
7511,1,0.9061047916586493
7516,1,0.9639873346223443
7524,1,0.9253208255818464
7538,1,0.7658964055184747
7539,1,0.951508718872095
7541,1,0.9061047916586493
7546,1,0.9567295283884367
7549,1,0.9531473353278429
7562,1,0.9531473353278429
7564,1,0.8888723525484374
7567,1,0.8512124952251219
7572,1,0.9531473353278429
7574,1,0.9531473353278429
7575,1,0.9531473353278429
7586,1,0.9531473353278429
7592,1,0.9445234683830135
7596,0,0.20387037323165091
7597,1,0.6432605738956405
7599,0,0.09570655561141407
7606,0,0.3982266884184179
7615,0,0.2556654799472194
7618,0,0.18976251359125168
7620,0,0.19675430463986388
7624,0,0.20387037323165091
7625,0,0.20387037323165091
7629,0,0.23229236490904653
7632,0,0.18844223845636068
7636,0,0.20033474097947107
7637,0,0.2189875232657809
7646,0,0.24302342632334312
7655,0,0.196741963768098
7658,0,0.08934330512397422
7660,0,0.14771807107625
7664,0,0.2812146139088273
7665,0,0.09977639085298741
7666,0,0.09238610287546274
7667,0,0.14875541793000846
7673,0,0.09938027867917269
7676,0,0.19843151650624383
7682,0,0.12304055188222464
7684,0,0.09045058020459995
7690,0,0.10552555054101817
7697,0,0.1787549619017739
7700,0,0.0692934805107587
7704,0,0.14236166265067068
7705,0,0.12612249006876633
7706,0,0.08231757667071417
7708,0,0.08270842808051032
7709,0,0.08396364143620409
7710,1,0.3587710957228953
7713,0,0.13954449051235748
7716,0,0.36383644326866227
7726,0,0.16357680865617685
7729,0,0.21987990305023375
7730,0,0.1482237848476256
7732,0,0.26474808956530765
7734,0,0.14051606485377943
7740,0,0.08270842808051032
7741,0,0.07386570593278606
7745,1,0.8904708592682824
7757,1,0.3814303186471806
7762,0,0.3403912545749664
7770,1,0.8972609628373074
7776,1,0.6738707319040278
7777,0,0.5020071209488832
7778,1,0.9464945300662122
7779,0,0.593064597805231
7782,0,0.32017031660962103
7786,1,0.8759064514359318
7791,1,0.7367847375537759
7792,1,0.5757203706353266
7794,1,0.37543946448300236
7795,0,0.10757816289491226
7796,0,0.1968169099644102
7798,0,0.10830680446993816
7805,0,0.1263421943797808
7806,0,0.2126451642212241
7808,0,0.31047564453014775
7811,0,0.09815384650864666
7814,0,0.1263421943797808
7819,0,0.1263421943797808
7820,1,0.5198707790564169
7825,0,0.11797748636567006
7829,0,0.267446909929835
7834,0,0.1280646459816971
7836,0,0.11797748636567006
7838,0,0.18546556384917767
7841,0,0.11410593878612808
7845,1,0.8313703268784745
7846,0,0.09165206359438165
7853,0,0.09165206359438165
7856,0,0.10414594573405124
7858,0,0.08451641355978244
7859,1,0.8604347703765903
7866,0,0.18346806609611266
7875,1,0.9321604857468648
7879,0,0.09165206359438165
7884,0,0.18876505576397085
7886,1,0.8604347703765903
7890,0,0.3602743950938071
7892,0,0.08451641355978244
7896,0,0.42052314350469466
7899,1,0.839421266799738
7900,1,0.7901592154425107
7901,1,0.7445289814364642
7904,1,0.5895548586292158
7911,1,0.3998464361619895
7917,0,0.18113627775123636
7919,1,0.5840411707848933
7920,1,0.9240909946779521
7921,1,0.9266098689648227
7922,0,0.1706016403839426
7925,1,0.9266098689648227
7927,1,0.6489979340800749
7928,1,0.9266098689648227
7931,0,0.4194539356416588
7942,0,0.19966344155869892
7946,1,0.9266098689648227
7947,0,0.26752563706242377
7948,0,0.3287591008313481
7951,1,0.5840411707848933
7956,0,0.29675952191108357
7961,1,0.9518042268192781
7964,1,0.9545267230835806
7966,1,0.9596974711421293
7967,0,0.1964819396338669
7974,1,0.9738365985880237
7975,0,0.3773437339494581
7979,1,0.9738365985880237
7985,1,0.9690685456496686
7986,1,0.973822021642107
7993,1,0.6198512678998602
7995,1,0.9737296580087229
7997,0,0.11193718092629111
7998,1,0.9738365985880237
8004,1,0.9738365985880237
8007,1,0.9738365985880237
8011,0,0.297239315826966
8014,1,0.8516374158535347
8022,0,0.17679616223167943
8027,0,0.30240589081356195
8033,1,0.879200585088044
8041,0,0.17679616223167943
8042,1,0.8871573817296178
8046,0,0.40823981706958723
8048,0,0.25123479249076835
8050,1,0.8842787971876802
8051,1,0.6894124562175601
8052,1,0.5292288032241891
8053,1,0.879200585088044
8054,1,0.5564696621319221
8059,1,0.525232854354939
8063,0,0.4801079075497232
8072,0,0.2222288661768459
8075,0,0.1268776756227369
8076,0,0.25104450467919937
8077,1,0.8903244084140417
8078,1,0.6336264841765606
8080,0,0.17228881934122106
8082,0,0.19891978381385347
8086,0,0.26067489572877767
8090,1,0.7562871803270703
8092,0,0.2253475383228571
8093,0,0.2978612723212087
8099,1,0.8042877437151935
8104,1,0.5781316708090833
8107,1,0.596043099102904
8108,0,0.14778592348144703
8114,0,0.2607270017389329
8115,1,0.6661580573365904
8117,1,0.9308943159207956
8123,1,0.904733930625716
8124,1,0.6790503523225861
8127,1,0.8393391171980245
8132,0,0.3488110240853589
8134,1,0.8442282224196613
8139,0,0.45149233002129896
8145,1,0.8266721642566788
8148,1,0.9395871145276127
8151,1,0.9176161582938049
8152,1,0.931928730896159
8153,1,0.6240112872532942
8157,0,0.2451516335925999
8160,1,0.907451710000617
8166,1,0.9304229675213531
8167,1,0.9176161582938049
8173,1,0.699982021982323
8174,1,0.9176161582938049
8178,1,0.9246283045715502
8179,0,0.43165529782866086
8185,1,0.6802449513328019
8186,1,0.9176161582938049
8192,1,0.6444844150793688
8193,1,0.3947621099418506
8194,0,0.11480290528210425
8197,0,0.25561441922941025
8198,0,0.10473639416906912
8199,0,0.25561441922941025
8200,0,0.2627688930127946
8206,0,0.2217986041920992
8207,0,0.2217986041920992
8220,0,0.1661942343903583
8222,0,0.1740005605159401
8227,0,0.20850120337224684
8228,0,0.15107558315501984
8229,0,0.2942561273014793
8230,1,0.6018934473972176
8233,1,0.6062631303896489
8248,0,0.3391487786261987
8249,1,0.467789978513362
8255,0,0.12291728837534888
8260,1,0.467789978513362
8263,1,0.5810317273359021
8265,1,0.5734210298634156
8268,0,0.20055976120268468
8269,1,0.6927439703697353
8272,1,0.631256514615516
8273,0,0.4280720030910352
8275,1,0.437060871908344
8277,1,0.4922305240988039
8281,0,0.4523092891878967
8282,0,0.4185825949060326
8290,1,0.5633954629775135
8293,0,0.5625344382863842
8299,0,0.17871216085553193
8302,1,0.5143422502903477
8303,1,0.44716754802471476
8305,1,0.44716754802471476
8306,0,0.06584442559502741
8307,0,0.3543860208035939
8308,1,0.44716754802471476
8313,1,0.6019817574764725
8316,1,0.5143422502903477
8319,0,0.3070886068124936
8322,1,0.6986917876323826
8323,1,0.6155593437559601
8325,0,0.3856532060224034
8326,0,0.29447748254009465
8327,0,0.3597251831080968
8328,0,0.3235948186786285
8331,1,0.44716754802471476
8333,1,0.8059073062637845
8336,1,0.43491615309910814
8338,1,0.5143422502903477
8340,0,0.3543860208035939
8342,0,0.03425798159059359
8343,0,0.2589596492915033
8353,0,0.03442322296579617
8354,0,0.1055499569807862
8357,0,0.12568354791507091
8358,0,0.1491710017297858
8359,0,0.14352911867280302
8373,0,0.4005004104311243
8376,0,0.061117809279261304
8379,0,0.17749042994012934
8380,0,0.09315574442218325
8381,0,0.1234140930395009
8384,0,0.125025443338206
8395,1,0.9384732573522655
8398,1,0.9384732573522655
8403,0,0.1699462459331359
8407,1,0.9384732573522655
8413,1,0.9384732573522655
8417,1,0.9384732573522655
8420,1,0.9384732573522655
8421,0,0.17116861228102392
8424,1,0.9384732573522655
8426,1,0.9384732573522655
8427,1,0.9384732573522655
8438,1,0.9384732573522655
8439,0,0.09356479062165536
8442,0,0.06250214230078613
8449,0,0.15588955758837766
8456,0,0.11435471826781926
8460,0,0.1697990551750297
8462,0,0.2282178776419801
8465,0,0.36959224332251506
8466,0,0.19247869625586572
8467,0,0.13246444132082358
8469,0,0.15226518546205478
8470,0,0.21168071702418556
8474,0,0.16416585431347203
8479,0,0.23220290037460517
8481,0,0.1176887773734118
8482,0,0.14965249779256792
8485,0,0.14159690171560382
8488,0,0.16416585431347203
8492,0,0.3223493454613133
8493,0,0.19268613739174015
8495,0,0.3223493454613133
8499,0,0.17153277489427227
8501,0,0.19429480009897865
8519,0,0.19268613739174015
8521,0,0.10605149018313434
8525,0,0.12148175769474341
8527,0,0.28287057494006523
8529,0,0.3858227493379215
8532,0,0.3971163312539738
8534,0,0.15286683703448162
8535,0,0.19268613739174015
8537,0,0.24298862292746956
8544,0,0.07114003194420668
8548,0,0.2082277885554645
8549,0,0.2682696884001231
8552,0,0.06495551548065327
8554,0,0.14172498492091753
8563,0,0.13865351936867362
8564,0,0.09683389007434963
8565,0,0.14172498492091753
8566,0,0.06872345363422114
8568,0,0.14172498492091753
8569,0,0.14419729761388905
8573,0,0.14172498492091753
8583,0,0.09817896603631902
8588,0,0.10110666938551693
8590,0,0.08861169970670102
8592,1,0.49660626480296155
8593,0,0.1395147652027437
8594,1,0.6716678919326673
8597,0,0.09909618424659981
8600,1,0.8099218564879732
8601,0,0.20664302921408362
8602,0,0.34924649125612084
8603,0,0.23753864898558097
8604,0,0.38572286106671616
8605,1,0.6920151456308268
8611,0,0.2642132836322043
8614,0,0.34441353471850267
8616,1,0.7282247252933931
8617,1,0.5597221074887212
8619,1,0.8782481481564788
8626,1,0.8276734275166444
8629,0,0.2567314735548827
8630,0,0.5585988279793145
8632,0,0.32444409856975776
8634,1,0.7282247252933931
8641,1,0.7224522071503434
8645,1,0.49474807144524113
8649,1,0.7982907345378192
8652,1,0.8802486719883533
8666,1,0.6923412722480156
8671,1,0.5374318347396578
8672,1,0.8702715360545695
8675,1,0.7778475038929522
8678,1,0.8722319223947108
8679,1,0.8576197610514932
8682,1,0.6043029262993622
8687,1,0.79946155598847
8701,0,0.4521094571645572
8703,0,0.1420572260725401
8707,0,0.11312063737646186
8713,0,0.07102755964554885
8716,0,0.12776427213268282
8719,0,0.1849422028152199
8725,0,0.21113988790956245
8730,0,0.17848750740065505
8731,0,0.18852980259531868
8748,0,0.15550284671545822
8749,0,0.13640181579576374
8756,0,0.27763732381003964
8764,0,0.20543203464741752
8765,0,0.2190403854848353
8769,0,0.44807079352980045
8771,0,0.2190403854848353
8772,0,0.05344397250270849
8773,0,0.24665267470656665
8779,0,0.08817354291681415
8792,0,0.24007030474149232
8794,0,0.08033707410237564
8796,0,0.3010051210200805
8798,0,0.16340050316944313
8803,0,0.11138728152773297
8807,1,0.5132119921907359
8809,0,0.09956191745050377
8811,0,0.09805006267290974
8813,0,0.11477941859429347
8814,0,0.11230909575295334
8818,0,0.14446213809661956
8819,0,0.34327406950551126
8820,1,0.4539968561832458
8821,0,0.11337075636417118
8822,0,0.07670755708775283
8824,0,0.11337075636417118
8826,0,0.11337075636417118
8827,0,0.23225412288755828
8828,0,0.14792923334019414
8833,0,0.33004960580260195
8834,0,0.11337075636417118
8845,0,0.19216557996526473
8847,0,0.3084924368950598
8849,0,0.15221107129984743
8861,0,0.2449390218237411
8867,0,0.13476848450933535
8868,1,0.5251855880339529
8870,0,0.189799674195196
8873,0,0.1551649748271985
8874,0,0.30269101808744553
8876,0,0.24143466128603297
8877,0,0.2768285061489434
8879,1,0.5251855880339529
8882,0,0.15151135069402627
8884,0,0.08900892744650354
8889,0,0.19216557996526473
8891,0,0.1446048518951783
8894,0,0.39768088416875047
8895,0,0.34472898381372286
8897,1,0.4873222923913547
8898,1,0.43537232576261287
8901,0,0.2734141774200466
8904,1,0.5346794833791169
8909,0,0.21556326759754635
8910,0,0.30074754500085865
8911,0,0.18368079101574508
8915,0,0.12396019874846825
8917,0,0.2747577260975141
8918,0,0.30787448813990487
8919,0,0.39764469605456654
8922,0,0.2772107275321069
8925,0,0.32759921295560174
8928,0,0.14525885294662966
8929,0,0.2982091644761892
8930,1,0.5187558894786416
8932,0,0.16732415836002879
8937,0,0.2281324827485297
8940,0,0.2960148286768826
8943,0,0.21343131637826485
8950,0,0.29636753843704877
8951,1,0.6971901932522409
8954,0,0.13563837806303958
8958,1,0.8663429845019155
8960,0,0.22390604751715484
8964,1,0.7431317131433444
8975,0,0.2903686587929651
8977,1,0.596435132449371
8981,0,0.24791030831989636
8982,1,0.5150390702102317
8984,0,0.293612963226357
8988,0,0.22978608633921566
8990,1,0.45411899329462985
8991,1,0.4878883388003396
8995,0,0.42769242447591505
8997,0,0.10887885075993753
9003,0,0.09698826160730732
9004,0,0.18103839076978145
9010,0,0.30766346166528025
9011,0,0.10201956961019623
9013,0,0.24903617390468896
9014,0,0.130205373929134
9015,0,0.14145159054559503
9017,0,0.16363875233580433
9019,0,0.1355707564174616
9021,0,0.181555666242815
9024,0,0.12391013763139581
9032,0,0.05796092483001884
9035,0,0.18438028905983492
9036,1,0.4116313178443716
9037,0,0.10602658292273975
9043,1,0.9208198960110012
9046,1,0.9254640203956186
9048,1,0.9208198960110012
9049,1,0.9110096008694228
9050,1,0.9015209205814436
9056,1,0.7091835722521423
9063,0,0.42859927547210686
9065,1,0.8830210021294087
9066,1,0.9208198960110012
9068,0,0.3196366407310358
9069,1,0.9110096008694228
9070,1,0.6540797728586124
9073,1,0.9331694112038524
9076,1,0.9208198960110012
9091,1,0.8146142763780451
9092,1,0.8008848978323679
9104,1,0.9620285960873394
9105,1,0.9620285960873394
9108,1,0.9620285960873394
9111,1,0.9620285960873394
9115,1,0.9620285960873394
9117,1,0.9624556565710001
9122,1,0.9620285960873394
9125,1,0.9606309578824777
9127,1,0.8008848978323679
9129,1,0.9337739130077383
9133,1,0.9620285960873394
9136,1,0.9620285960873394
9138,1,0.9337739130077383
9140,1,0.9606309578824777
9147,1,0.9416039521862152
9150,1,0.9580168194669785
9152,1,0.9416039521862152
9153,1,0.9399549036143606
9155,1,0.95699707256403
9158,1,0.9124758214650662
9160,1,0.9478576117276949
9163,1,0.9538809971348254
9165,1,0.9511923305976114
9167,1,0.7853793758378923
9168,1,0.8940476687542849
9170,1,0.9436266014055568
9176,1,0.9401264808608599
9178,1,0.9647952056991993
9184,1,0.9436266014055568
9186,1,0.9251218721075436
9188,1,0.9301884441793203
9189,1,0.9552722769242674
9190,1,0.9681280824662397
9196,1,0.5383127194077412
9198,1,0.4596196863401665
9199,1,0.9712916308396385
9200,1,0.6479796615560366
9201,1,0.6155318174729558
9202,1,0.9382369581584676
9204,1,0.8322731128466219
9205,1,0.8747571381107058
9213,1,0.9724207532030856
9214,1,0.943303401816525
9224,1,0.9218592891828705
9227,1,0.9147849673125028
9228,1,0.9742912088377013
9229,1,0.9527902791366647
9234,1,0.9201007032312232
9236,1,0.9468095971162749
9241,1,0.8852098079353411
9243,0,0.3750464247278419
9245,0,0.30992269648146936
9256,0,0.3096952865842055
9258,0,0.15712676158283806
9261,0,0.1633478686762807
9274,0,0.12942083316501513
9279,0,0.2119411680461128
9282,0,0.14137272061888376
9284,0,0.2375156555930404
9285,0,0.10726160761611038
9291,0,0.09510235498855336
9295,1,0.4170195821399644
9299,0,0.18416036274380354
9302,0,0.2280515823119722
9304,0,0.27625570003373096
9305,0,0.37283792637666024
9306,0,0.09444999922901821
9310,0,0.39319378996427773
9312,0,0.22163323820547837
9316,0,0.4057602209450881
9318,1,0.42742133886955325
9323,0,0.2003495450505854
9326,0,0.32630792389884095
9327,0,0.21649333541571433
9328,0,0.21081635653394193
9331,1,0.685886305661452
9335,0,0.3803936599754812
9336,0,0.2919034858447661
9340,0,0.10064035238575204
9349,1,0.715189516166022
9352,0,0.2667684574044462
9353,0,0.1809308280936945
9354,1,0.5255328185677989
9356,0,0.21916864241979223
9357,0,0.09984432074400218
9358,0,0.34731325225525533
9359,0,0.18673198465292584
9364,0,0.24239416650909507
9366,1,0.9531240277710329
9369,0,0.2661513800393782
9370,0,0.21916864241979223
9379,0,0.08477639783128493
9381,0,0.1997064331164375
9383,0,0.2856503111199119
9389,0,0.36089409393352767
9390,0,0.1433928748163173
9392,1,0.8061057325277377
9394,1,0.8834931398019741
9398,1,0.833258002615241
9399,1,0.8834931398019741
9400,0,0.1669775753325154
9407,1,0.9411726712149818
9409,1,0.8444463513760057
9412,1,0.5611086933052509
9413,1,0.7952180891943776
9415,0,0.3903759045503691
9419,1,0.9034218738103184
9423,0,0.1852143904503366
9424,1,0.7078976871376677
9426,0,0.30670289346844287
9427,1,0.8316957693368545
9428,0,0.3740752953251821
9429,0,0.3867240577793367
9433,1,0.9527721024979701
9437,1,0.4464428997503496
9440,1,0.7439849876858502
9442,1,0.7361827970716175
9443,1,0.6775367469550624
9444,0,0.3801127217770001
9447,1,0.6557675799854086
9459,1,0.37570410915939756
9461,1,0.7819292318252111
9462,0,0.40528914623350343
9464,1,0.7361827970716175
9473,1,0.7293800074899118
9475,1,0.7680349168238365
9476,1,0.7361827970716175
9477,1,0.6906613689490052
9478,1,0.7819292318252111
9479,1,0.7293800074899118
9483,1,0.48200092627331426
9487,1,0.7819292318252111
9494,1,0.8917067705464892
9497,1,0.8721207841960275
9498,1,0.9164467990013974
9506,0,0.22868752508429968
9512,1,0.7073878203190435
9514,1,0.9096621085509318
9515,1,0.5333979341195957
9516,1,0.8939065943183726
9517,1,0.7862793686019796
9518,0,0.13887477279285992
9521,1,0.5139352268957759
9523,1,0.7342454501418105
9527,1,0.4927980061559931
9528,1,0.4867028427410087
9530,0,0.24268822796766287
9532,1,0.5153561594325042
9534,1,0.8541289216791073
9535,0,0.23645575707010752
9536,1,0.9154791003926916
9543,0,0.27836622920509474
9544,0,0.34106026453115257
9545,0,0.4882359807360198
9546,0,0.2050170180857739
9549,1,0.4501092525753947
9558,0,0.23761522306792177
9560,0,0.15008542711819378
9561,0,0.3836241098212104
9570,0,0.3836241098212104
9573,0,0.2182538468098238
9578,0,0.3858669812201967
9584,0,0.16740714719985486
9587,1,0.6643231523298874
9588,0,0.3104500339103703
9599,0,0.41297594835090345
9601,0,0.26927167145000686
9604,0,0.3591389016420875
9614,1,0.878537522069785
9615,1,0.9419642922292994
9621,1,0.9504356510686532
9622,1,0.7134219357240209
9623,1,0.8292470838297928
9624,1,0.6341273799961997
9626,1,0.9555092174308526
9628,1,0.9646020859161483
9630,0,0.4297724935648398
9631,1,0.9119842765510618
9633,1,0.8292470838297928
9635,1,0.9357806753619549
9637,1,0.8303370681495836
9641,0,0.4149751748487477
9647,1,0.9119842765510618
9648,1,0.9545808154004654
9649,0,0.4277856127247127
9658,0,0.17400337628332002
9662,1,0.8871518570740315
9668,1,0.45181811220897167
9671,0,0.3184280054570239
9676,1,0.9199696586247985
9677,1,0.9206957682778222
9679,0,0.13037568081563106
9682,1,0.9012549724071042
9685,0,0.08321453799899152
9689,1,0.5887403152042561
9692,1,0.5707535602449113
9693,0,0.27143471445336137
9694,0,0.14825491174008834
9696,0,0.3516383219401077
9700,0,0.1565170196557578
9711,1,0.9359350238852424
9713,0,0.2413252905240103
9720,0,0.2377418597827633
9721,1,0.8610752946726781
9725,0,0.4112809176414233
9726,0,0.3702236681540868
9727,1,0.6239589738575921
9735,0,0.16293105885606513
9740,1,0.9305830703949776
9742,1,0.9359350238852424
9743,0,0.38138500315282176
9747,1,0.9359350238852424
9748,1,0.9305830703949776
9751,1,0.9359350238852424
9758,0,0.2583969927893486
9767,0,0.20560397806192085
9768,0,0.3934887729732708
9773,0,0.23212498317022273
9777,0,0.14947924666114107
9781,0,0.2717918098127859
9784,0,0.42402747339426494
9786,1,0.6135641413698997
9789,0,0.13852548157632288
9792,0,0.19158553143803358
9793,0,0.22339935790814097
9798,0,0.14462792327300056
9799,0,0.20102705638684193
9802,0,0.24393061625327522
9803,0,0.22147704466518098
9804,0,0.1496457058264442
9805,0,0.30674970057907747
9807,1,0.5214618837822962
9809,0,0.4235891899407449
9811,0,0.3907694036343689
9814,0,0.291284205051261
9817,0,0.2963588732462214
9821,1,0.48881314048668356
9824,1,0.4952045117526749
9825,1,0.5507089396288922
9827,1,0.7423226148877051
9839,1,0.9068213030416405
9840,0,0.14728493955608873
9843,0,0.6138603537160846
9844,0,0.3907694036343689
9845,0,0.2551369530276344
9847,0,0.2551369530276344
9848,0,0.331156940600806
9851,0,0.2551369530276344
9852,1,0.5924103731483616
9855,0,0.3772831396189409
9856,0,0.16694851649116793
9863,0,0.04764278678275903
9867,0,0.25206288501706087
9871,0,0.1277392230109186
9876,0,0.24179874617845876
9879,0,0.16948824474762464
9882,0,0.22498302430972594
9891,0,0.11910350022749948
9892,0,0.2801165239825638
9893,0,0.10605308107007086
9895,0,0.3050791707992555
9899,0,0.30827973745932347
9900,0,0.06175096386151778
9902,0,0.33931094075969903
9903,0,0.12429188098349875
9904,0,0.1812241618453401
9908,0,0.2525926586563185
9913,0,0.27971110972239266
9914,1,0.7448089352335749
9917,0,0.14823672386889497
9922,1,0.7463719549954303
9924,0,0.13003700707115834
9926,0,0.13559612007237462
9927,0,0.12403175702648282
9928,1,0.4713001339291838
9929,0,0.20003604276304565
9936,0,0.16620117318797842
9939,0,0.2725992740153371
9947,0,0.11525507897804589
9951,0,0.23002403913052472
9954,0,0.19023592536606332
9956,0,0.1330633991460365
9957,0,0.211961046701943
9959,0,0.42769242447591505
9962,0,0.1862409867031642
9964,0,0.40621711984761244
9966,0,0.2626180675983947
9968,0,0.4438855714116515
9969,0,0.44806957933469665
9970,1,0.5255221105806018
9975,1,0.5252967605500979
9977,0,0.21005768487177018
9981,0,0.1501389211683617
9993,0,0.2525890147238644
9996,0,0.3427755708514983
9997,0,0.33180882533836786
9999,1,0.5449698188546468
10002,0,0.4027742466412598
10007,1,0.897328238079776
10015,0,0.18817353350099963
10019,1,0.72693391559001
10022,0,0.13408969824942793
10024,0,0.31229044903218456
10026,0,0.219384698859822
10033,0,0.2934029594417818
10043,0,0.23976702255268217
10046,0,0.13825719136044326
10051,0,0.2011846168935175
10053,0,0.1167569370851588
10062,1,0.8937807166932836
10063,1,0.952691196655731
10065,1,0.8767088822358959
10068,1,0.9239392902951655
10078,1,0.8467237965317378
10086,1,0.9230002038445153
10094,1,0.9193361110832361
10095,1,0.8215492441499848
10096,1,0.8924940780511401
10097,1,0.9083906753902702
10103,1,0.952691196655731
10104,1,0.9422429740870588
10108,0,0.11271767148103164
10122,0,0.11098751586547823
10123,0,0.2336787448260605
10128,0,0.19777547971204565
10131,0,0.18544581027884907
10133,0,0.11179527496078358
10134,0,0.34200431444792434
10135,0,0.15491561113476868
10145,0,0.17914676530060591
10148,0,0.14064947553679333
10154,0,0.2671701021948234
10155,0,0.1766176261100157
10158,1,0.8489643176824632
10160,1,0.8982938480049891
10161,1,0.49683085393942306
10162,1,0.8474534918551805
10165,1,0.8545151799949396
10166,1,0.9132993083542256
10167,1,0.5490644584931339
10170,1,0.6217764251671187
10178,1,0.850458265815381
10180,1,0.6885925400309861
10181,1,0.688959054493758
10185,1,0.9382856312035452
10188,1,0.4231147593506555
10190,1,0.8068263693604185
10196,1,0.48695283488783614
10200,1,0.6863673623785977
10205,1,0.437242737217502
10211,0,0.22198085370076273
10216,0,0.15339651339947769
10219,0,0.47977220647344665
10221,0,0.2211981473443828
10225,0,0.37828846135192506
10227,1,0.43376440390443055
10228,1,0.6909203796122356
10230,1,0.5294690226747734
10232,1,0.862922073400451
10233,1,0.8848407006971046
10235,0,0.23703649724460965
10238,1,0.8985631036924662
10240,1,0.8709051804233814
10242,0,0.3125923941008894
10248,1,0.6712810699461726
10254,0,0.1578415198883501
10257,0,0.11269507174760868
10261,0,0.2526262618867986
10262,0,0.17831306626802929
10266,0,0.15241878337669107
10267,0,0.4431432093803776
10271,0,0.16575302314609877
10277,0,0.16933122271622475
10279,1,0.3807954060642591
10281,0,0.217265274994525
10282,1,0.47289841142338007
10285,0,0.19222276208495315
10292,0,0.13381070557270291
10298,0,0.23959262038411533
10300,0,0.2660218444045017
10309,0,0.35659470730187914
10311,0,0.38291884917585106
10312,0,0.20803107863796863
10319,0,0.3610836711254105
10324,1,0.9067364468020136
10326,0,0.18102236280946937
10328,0,0.1410318912262563
10343,1,0.3388694752797149
10346,0,0.2806550258109568
10347,0,0.3234625386477109
10353,0,0.09718080335326572
10354,1,0.7639061620772918
10356,0,0.38480550296115357
10357,1,0.4384496928280563
10362,0,0.4405251498437557
10363,0,0.5197352520266986
10370,1,0.5763231298601744
10373,0,0.5818087056762747
10386,1,0.43373661751081055
10388,1,0.43373661751081055
10389,0,0.2769142790245175
10391,1,0.9370362824258254
10397,0,0.2884864971704628
10400,0,0.2385459811951647
10403,0,0.39750178218611587
10404,0,0.3879265509839784
10408,0,0.22458670138637588
10417,0,0.284741858455706
10425,0,0.1706526292048234
10435,1,0.6720588465401776
10437,1,0.847037930905113
10438,1,0.7444717030185755
10440,0,0.311657128217485
10442,0,0.19631076018346033
10447,1,0.838407351884749
10452,1,0.7400669551275046
10453,0,0.18324985574612437
10454,1,0.8831812551059829
10459,1,0.7755239408343866
10460,1,0.82386840203082
10463,0,0.20083317846533982
10465,1,0.7568454368784889
10469,1,0.43832750915791546
10474,1,0.7769760995137729
10475,1,0.8951019429062018
10476,1,0.5311324755528705
10477,1,0.6084818620158869
10480,1,0.9110179715043498
10491,1,0.43015437482626534
10493,1,0.8926838895026639
10494,1,0.9451388375906481
10495,1,0.43927030604112227
10497,0,0.2694025494335853
10501,1,0.6958194701167753
10504,1,0.6350622580958813
10507,1,0.7664243974778986
10509,1,0.9409282205833425
10510,0,0.4740241979759324
10512,1,0.8194575112386084
10514,1,0.8774127174720867
10526,1,0.901251171549857
10528,1,0.9772869265610216
10530,1,0.9279157038516486
10531,1,0.8078186771662308
10532,1,0.860563661207123
10538,0,0.46103016130924035
10539,0,0.22443805354817126
10542,0,0.16503058616112637
10547,0,0.2650931499453035
10549,1,0.5143410238499706
10556,1,0.4765542185053111
10569,0,0.2423068288564949
10572,0,0.21096461505664818
10577,0,0.2502271389153967
10579,0,0.3166710093199959
10586,1,0.9454167214617433
10594,1,0.8274394828737859
10595,1,0.9397252270175165
10597,0,0.4586086502875674
10602,1,0.9333234405960567
10604,1,0.9435809380566935
10614,1,0.598354937802213
10617,1,0.5706656889737148
10618,1,0.5214936915234827
10619,1,0.9137321517618324
10624,1,0.9153293679350553
10633,1,0.9454167214617433
10634,1,0.9608363476119921
10635,0,0.23439963143470782
10638,0,0.11193690324707664
10639,0,0.11724205300539953
10642,0,0.16274595605378658
10643,0,0.16608276792088794
10645,1,0.47467766910259857
10646,0,0.25999331169013296
10649,0,0.23599077451647066
10652,1,0.9369922268003469
10653,0,0.1198963454711311
10654,0,0.15131752059816034
10661,1,0.7073466455372743
10664,1,0.9111692579952897
10668,0,0.19204475972679907
10670,0,0.16964376445850726
10674,0,0.225314407828673
10683,0,0.16502081747574582
10694,0,0.09955315871975352
10697,0,0.28866613661337936
10699,0,0.211674773605747
10701,0,0.18463389023656712
10703,1,0.41323647344781356
10713,0,0.4217779722521698
10714,0,0.6735253354614485
10716,0,0.3724889967631763
10717,0,0.22932920937178916
10719,0,0.10081388727761692
10725,0,0.34975219575015415
10728,0,0.28558956076012043
10734,1,0.37030641703897854
10738,1,0.9381422553509278
10740,1,0.9595290733614872
10742,1,0.9381422553509278
10756,1,0.9595290733614872
10757,1,0.9212713147896747
10758,1,0.9381422553509278
10761,1,0.9595290733614872
10762,1,0.7809156681105649
10773,1,0.9381422553509278
10778,1,0.9595290733614872
10781,1,0.9407796980221117
10791,0,0.06605749362425577
10792,0,0.18905521582633603
10796,0,0.2785158194067201
10797,0,0.24852197556998018
10801,0,0.07069037834953026
10804,0,0.12971978074955023
10806,0,0.06630396210334855
10807,0,0.11108365228503961
10816,0,0.13195466858155727
10820,0,0.16057088809594966
10828,0,0.1444902531649005
10836,1,0.8612448717262234
10838,1,0.903408086069736
10845,1,0.9215369147479413
10856,1,0.9633104541984875
10857,1,0.5516854787634919
10858,1,0.9537316388336388
10861,1,0.6368560141538524
10865,1,0.6515196847197935
10868,1,0.8524332907866602
10874,1,0.8531905972146479
10875,1,0.7986078797372205
